,Unnamed: 0,NO,URL,タイトル,職務,スキル,勤務,職場,案件タイトル,案件URL,業務内容,キーワード,案件タイトル.1,月額報酬,職種,スキル・言語・FW,勤務日数詳細,勤務エリア（最寄り駅）,案件内容,職種.1,スキル・言語・FW.1,必須スキル,歓迎スキル,稼働日数,月額報酬.1,勤務エリア（最寄り駅）.1,雇用形態,備考,案件ID,案件内容.1
241,241,242,https://lancersagent.com/project/marketer/00616505981930334195bba0a,"定番【週1日･2日/リサーチャー】                                【リサーチャー】美容医療関連のアプリケーションのリサーチ                            週1日･2日 | 700,000〜800,000円 / 月リサーチャー週1日･2日渋谷・新宿（渋谷駅）▼具体的な業務内容・市場調査/リサーチ業務（企画・実査・分析・報告まで）　※ユーザーインタビューなども今後お任せしたいと考えています。詳細を見る",リサーチャー,,週1日･2日,渋谷・新宿（渋谷駅）,                【リサーチャー】美容医療関連のアプリケーションのリサーチ | ランサーズエージェント（Lancers Agent）            ,https://lancersagent.com//project/marketer/00616505981930334195bba0a,"▼具体的な業務内容
・市場調査/リサーチ業務（企画・実査・分析・報告まで）
　※ユーザーインタビューなども今後お任せしたいと考えています。/マーケター/その他/渋谷・新宿",【週1日･2日/】,【リサーチャー】美容医療関連のアプリケーションのリサーチ,"700,000〜800,000円/ 月※ 消費税別の実際にお渡しする金額です",リサーチャー,,週1日･2日,渋谷・新宿（渋谷駅）,▼具体的な業務内容・市場調査/リサーチ業務（企画・実査・分析・報告まで）※ユーザーインタビューなども今後お任せしたいと考えています。,リサーチャー,,・市場調査会社での実務経験・定性と定量調査、両方の調査手法の全般的理解・ウェブ（PC、スマホ）調査の理解と経験・事業会社のリサーチ職での実務経験・集計の実務経験、集計専用ソフトや統計解析ソフトの使用経験・toCのインターネットサービス（アプリ含む）における親和性のある実務経験,・美容医療の経験・定性調査の司会スキル・経験・オンラインインタビューでのモデレート経験,"週1日･2日                            
(ﾘﾓｰﾄ：一部可)","700,000〜800,000円",渋谷・新宿（渋谷駅）,業務委託,※報酬額は【週5日（月20日）換算】した際の金額です,案件ID：000006105336,
242,242,243,https://lancersagent.com/project/marketer/00616505988668533195bb3b8,"定番【週4日･5日/コンテンツマーケティング・SNSマーケター】                                【SNSコンテンツマーケティング】美容医療関連のアプリケーションのSNSコンテンツマーケター                            週4日･5日 | 500,000〜640,000円 / 月コンテンツマーケティング・SNSマーケター週4日･5日渋谷・新宿（渋谷駅）▼具体的な業務内容・SNSを活用した戦略立案、運用改善・計測ツールや分析数値を基にした施策効果の分析とそれに基づくプランニング・コンテンツ(静止画/テキスト/動画)の企画/クリエイティブ制作進行・各施策におけるプロジェクトマネジメント詳細を見る",コンテンツマーケティング・SNSマーケター,,週4日･5日,渋谷・新宿（渋谷駅）,                【SNSコンテンツマーケティング】美容医療関連のアプリケーションのSNSコンテンツマーケター | ランサーズエージェント（Lancers Agent）            ,https://lancersagent.com//project/marketer/00616505988668533195bb3b8,"▼具体的な業務内容
・SNSを活用した戦略立案、運用改善
・計測ツールや分析数値を基にした施策効果の分析とそれに基づくプランニング
・コンテンツ(静止画/テキスト/動画)の企画/クリエイティブ制作進行
・各施策におけるプロジェクトマネジメント/マーケター/SNS/渋谷・新宿",【週4日･5日/】,【SNSコンテンツマーケティング】美容医療関連のアプリケーションのSNSコンテンツマーケター,"500,000〜640,000円/ 月※ 消費税別の実際にお渡しする金額です",コンテンツマーケティング・SNSマーケター,,週4日･5日,渋谷・新宿（渋谷駅）,▼具体的な業務内容・SNSを活用した戦略立案、運用改善・計測ツールや分析数値を基にした施策効果の分析とそれに基づくプランニング・コンテンツ(静止画/テキスト/動画)の企画/クリエイティブ制作進行・各施策におけるプロジェクトマネジメント,コンテンツマーケティング・SNSマーケター,,・SNSを用いたプロモーション、マーケティング経験・企業でのSNSアカウントの企画運用の経験・toCのインターネットサービス（アプリ含む）における親和性のある実務経験・インフルエンサーなどを活用したマーケティング経験,・美容医療の経験・数値分析、管理経験・バナー、LPなどのクリエイティブディレクションの経験・社内外を含めたプロジェクト推進経験,"週4日･5日                            
(ﾘﾓｰﾄ：一部可)","500,000〜640,000円",渋谷・新宿（渋谷駅）,業務委託,※報酬額は【週5日（月20日）換算】した際の金額です,案件ID：000006105337,
436,436,437,https://lancersagent.com/project/marketer/0061595989428136913e96c87,"定番【週4日･5日/SNSマーケター】                                【マーケター】自社HR TechサービスのSNS広告運用業務                            週4日･5日 | 300,000〜600,000円 / 月SNSマーケター週4日･5日品川（浜松町駅）全社のマーケティング部門にて、広告運用を中心としたマーケティング業務をお任せできる方を募集しております。具体的な業務内容は広告出稿運用、レポーティング等のWEB広告運用やSNS広告をご担当いただくことを想定しております。詳細を見る",SNSマーケター,,週4日･5日,品川（浜松町駅）,                【マーケター】自社HR TechサービスのSNS広告運用業務 | ランサーズエージェント（Lancers Agent）            ,https://lancersagent.com//project/marketer/0061595989428136913e96c87,"全社のマーケティング部門にて、
広告運用を中心としたマーケティング業務をお任せできる方を募集しております。
具体的な業務内容は広告出稿運用、レポーティング等のWEB広告運用や
SNS広告をご担当いただくことを想定しております。
/マーケター/SNS/品川",【週4日･5日/】,【マーケター】自社HR TechサービスのSNS広告運用業務,"300,000〜600,000円/ 月※ 消費税別の実際にお渡しする金額です",SNSマーケター,,週4日･5日,品川（浜松町駅）,全社のマーケティング部門にて、広告運用を中心としたマーケティング業務をお任せできる方を募集しております。具体的な業務内容は広告出稿運用、レポーティング等のWEB広告運用やSNS広告をご担当いただくことを想定しております。,SNSマーケター,,・SNS広告運用経験がある方,・広告運用の知見が広く、コンサル的な要素もできるかた,"週4日･5日                            
(ﾘﾓｰﾄ：可)","300,000〜600,000円",品川（浜松町駅）,業務委託,※報酬額は【週5日（月20日）換算】した際の金額です,案件ID：000006098688,
508,508,509,https://lancersagent.com/project/marketer/006165036516166121a8e0b90,"注目【週3日･4日･5日/SEOマーケター】                                【SEOマーケター】SEOの施策立案・管理・設計等                            週3日･4日･5日 | 420,000〜720,000円 / 月SEOマーケター週3日･4日･5日渋谷・新宿（代官山駅）【職務内容】	・SEOの施策立案 ・プロジェクトの進行管理・企画立案・クライアント折衝・スケジュール管理・ワイヤーフレームの設計詳細を見る",SEOマーケター,,週3日･4日･5日,渋谷・新宿（代官山駅）,                【SEOマーケター】SEOの施策立案・管理・設計等 | ランサーズエージェント（Lancers Agent）            ,https://lancersagent.com//project/marketer/006165036516166121a8e0b90,"【職務内容】	
・SEOの施策立案 ・プロジェクトの進行管理・企画立案
・クライアント折衝
・スケジュール管理
・ワイヤーフレームの設計/マーケター/SEO/渋谷・新宿",【週3日･4日･5日/】,【SEOマーケター】SEOの施策立案・管理・設計等,"420,000〜720,000円/ 月※ 消費税別の実際にお渡しする金額です",SEOマーケター,,週3日･4日･5日,渋谷・新宿（代官山駅）,【職務内容】・SEOの施策立案 ・プロジェクトの進行管理・企画立案・クライアント折衝・スケジュール管理・ワイヤーフレームの設計,SEOマーケター,,・インハウスSEOの実務経験が2年以上ある方・SEO施策が立案出来る方・Google ウェブマスター公式ブログに関する有識者の方,・HTML／CSS／Javascript の知識がある・Webサイトを運営した経験がある・Webディレクションの経験がある・Webマーケティングの知識がある・アクセスログからの数値分析・企画提案が出来る,"週3日･4日･5日                            
(ﾘﾓｰﾄ：可)","420,000〜720,000円",渋谷・新宿（代官山駅）,業務委託,※報酬額は【週5日（月20日）換算】した際の金額です,案件ID：000006105109,
788,788,789,https://lancersagent.com/project/marketer/0061649927207489415e5750f,定番【週3日･4日･5日/マーケター】                                【マーケター】大手電機メーカーのマーケティング                            週3日･4日･5日 | 3〜4.5万円 / 日マーケターJava・-週3日･4日･5日新橋・銀座・東京（東京駅）大手電機メーカーのマーケティング支援案件となります。具体的には下記業務をお任せする予定です。- クライアントの事業全体のカスタマージャーニー設計（UX含む）- ジャーニーから検討できる施策やアイディア出し、企画リード- 部長（執行役員）や現場メンバーとの壁打ち- 一定期間後、現場メンバーの自走ができるようフォロー- 関連業務（資料作成等）詳細を見る,マーケター,Java・-,週3日･4日･5日,新橋・銀座・東京（東京駅）,                【マーケター】大手電機メーカーのマーケティング | ランサーズエージェント（Lancers Agent）            ,https://lancersagent.com//project/marketer/0061649927207489415e5750f,"大手電機メーカーのマーケティング支援案件となります。
具体的には下記業務をお任せする予定です。
- クライアントの事業全体のカスタマージャーニー設計（UX含む）
- ジャーニーから検討できる施策やアイディア出し、企画リード
- 部長（執行役員）や現場メンバーとの壁打ち
- 一定期間後、現場メンバーの自走ができるようフォロー
- 関連業務（資料作成等）/マーケター/その他/新橋・銀座・東京",【週3日･4日･5日/Java・-】,【マーケター】大手電機メーカーのマーケティング,3〜4.5万円/ 日※ 消費税別の実際にお渡しする金額です,マーケター,Java・-,週3日･4日･5日,新橋・銀座・東京（東京駅）,大手電機メーカーのマーケティング支援案件となります。具体的には下記業務をお任せする予定です。- クライアントの事業全体のカスタマージャーニー設計（UX含む）- ジャーニーから検討できる施策やアイディア出し、企画リード- 部長（執行役員）や現場メンバーとの壁打ち- 一定期間後、現場メンバーの自走ができるようフォロー- 関連業務（資料作成等）,マーケター,Java・-,・BtoC系企業での事業全体のマーケティング経験・デジタル、オフラインなど幅広いマーケティング運用・分析経験・カスタマージャーニー設計経験,・AEMやAdobe Commerce、Adobe Analytics経験,週3日･4日･5日,3〜4.5万円,新橋・銀座・東京（東京駅）,業務委託,,案件ID：000006104836,
1217,1217,1218,https://lancersagent.com/project/marketer/00616285845593339175f99f6,"【週5日/広告マーケター/ディレクション】                                【広告代理店経験者歓迎！】携帯キャリアの広告戦略におけるWEBディレクション                            週5日 | 600,000〜1,000,000円 / 月広告マーケター/ディレクション週5日赤坂・永田町（赤坂）大手広告代理店内に常駐して広告企画、提案・マーケティング運用部隊のディレクション業務をお任せいたします。※web広告が中心となりますが、クロスメディアの提案も一部あり【業務内容】●大手クライアントへの企画立案●スケジュールの進行管理●コンテンツの品質管理など経験がある方はスキルを活かしてご活躍いただけます。詳細を見る",広告マーケター/ディレクション,,週5日,赤坂・永田町（赤坂）,                【広告代理店経験者歓迎！】携帯キャリアの広告戦略におけるWEBディレクション | ランサーズエージェント（Lancers Agent）            ,https://lancersagent.com//project/marketer/00616285845593339175f99f6,"大手広告代理店内に常駐して広告企画、提案・マーケティング運用部隊のディレクション業務をお任せいたします。
※web広告が中心となりますが、クロスメディアの提案も一部あり

【業務内容】
●大手クライアントへの企画立案
●スケジュールの進行管理
●コンテンツの品質管理など

経験がある方はスキルを活かしてご活躍いただけます。/マーケター/その他/赤坂・永田町",【週5日/】,                        ※ 消費税別の実際にお渡しする金額です                    ,"600,000〜1,000,000円/ 月※ 消費税別の実際にお渡しする金額です",広告マーケター/ディレクション,,週5日,赤坂・永田町（赤坂）,大手広告代理店内に常駐して広告企画、提案・マーケティング運用部隊のディレクション業務をお任せいたします。※web広告が中心となりますが、クロスメディアの提案も一部あり【業務内容】●大手クライアントへの企画立案●スケジュールの進行管理●コンテンツの品質管理など経験がある方はスキルを活かしてご活躍いただけます。,広告マーケター/ディレクション,,広告マーケター経験ディレクション経験（ディレクター）,広告代理店での勤務経験,週5日,"600,000〜1,000,000円",赤坂・永田町（赤坂）,業務委託,※報酬額は【週5日（月20日）換算】した際の金額です,案件ID：000006099244,
1761,1761,1762,https://lancersagent.com/project/marketer/00616485429672417175ffefe,"定番【週4日･5日/広告運用マーケター】                                【マーケター】地域政策×Tech領域における自社メディアの広告運用                            週4日･5日 | 400,000〜600,000円 / 月広告運用マーケター週4日･5日渋谷・新宿（-）【業務内容】・ユーザー獲得のKPI達成のための戦略設計/実行/改善・社内の他メンバーとのテキスト/Zoomでのコミュニケーションや連携詳細を見る",広告運用マーケター,,週4日･5日,渋谷・新宿（-）,                【マーケター】地域政策×Tech領域における自社メディアの広告運用 | ランサーズエージェント（Lancers Agent）            ,https://lancersagent.com//project/marketer/00616485429672417175ffefe,"【業務内容】
・ユーザー獲得のKPI達成のための戦略設計/実行/改善
・社内の他メンバーとのテキスト/Zoomでのコミュニケーションや連携
/マーケター/その他/渋谷・新宿",【週4日･5日/】,【マーケター】地域政策×Tech領域における自社メディアの広告運用,"400,000〜600,000円/ 月※ 消費税別の実際にお渡しする金額です",広告運用マーケター,,週4日･5日,渋谷・新宿（-）,【業務内容】・ユーザー獲得のKPI達成のための戦略設計/実行/改善・社内の他メンバーとのテキスト/Zoomでのコミュニケーションや連携,広告運用マーケター,,・広告運用経験・Facebook/Instagram/LINE広告を高い頻度（日次）で改善した経験・Google Analyticsによる分析,・Canvaやfigmaを用いた広告クリエイティブ作成・地頭の良さ・フルリモートで自律的に働けるセルフマネジメント力・戦略的思考力・自律的に業務を回せる積極性・各種SaaSを使いこなせるITリテラシーの高さ,"週4日･5日                            
(ﾘﾓｰﾄ：可)","400,000〜600,000円",渋谷・新宿（-）,業務委託,※報酬額は【週5日（月20日）換算】した際の金額です,案件ID：000006103861,
2348,2348,2349,https://lancersagent.com/project/marketer/00616473104698439175fe708,"定番【週4日･5日/マーケター/ディレクター】                                【マーケター/ディレクター】自社のコミュニケーションプランナー                            週4日･5日 | 400,000円以上 / 月マーケター/ディレクター週4日･5日水道橋・飯田橋（湯島駅）業務内容】・消費者心理を踏まえた、LINEチャットボットの会話シナリオのデザイン〜ペルソナ設計　└消費者インサイトや商品の訴求に関する顧客ヒアリング　└シナリオ・クリエイティブの設計、作成・チャットボットを実運用し、その結果データを分析した上で、シナリオの改善　└実運用データを分析し、改善案の仮説出し　└顧客への提案　└改善案の実行詳細を見る",マーケター/ディレクター,,週4日･5日,水道橋・飯田橋（湯島駅）,                【マーケター/ディレクター】自社のコミュニケーションプランナー | ランサーズエージェント（Lancers Agent）            ,https://lancersagent.com//project/marketer/00616473104698439175fe708,"業務内容】
・消費者心理を踏まえた、LINEチャットボットの会話シナリオのデザイン〜ペルソナ設計
　└消費者インサイトや商品の訴求に関する顧客ヒアリング
　└シナリオ・クリエイティブの設計、作成
・チャットボットを実運用し、その結果データを分析した上で、シナリオの改善
　└実運用データを分析し、改善案の仮説出し
　└顧客への提案
　└改善案の実行
/マーケター/その他/水道橋・飯田橋",【週4日･5日/】,【マーケター/ディレクター】自社のコミュニケーションプランナー,"400,000円以上/ 月※ 消費税別の実際にお渡しする金額です",マーケター/ディレクター,,週4日･5日,水道橋・飯田橋（湯島駅）,業務内容】・消費者心理を踏まえた、LINEチャットボットの会話シナリオのデザイン〜ペルソナ設計└消費者インサイトや商品の訴求に関する顧客ヒアリング└シナリオ・クリエイティブの設計、作成・チャットボットを実運用し、その結果データを分析した上で、シナリオの改善└実運用データを分析し、改善案の仮説出し└顧客への提案└改善案の実行,マーケター/ディレクター,,・Web広告代理店、Web制作、SaaS/IT領域での経験（ディレクション、広告運用、コンサルティング、営業問わず）・マーケティングのご知見・ベンチャーマインド、新規事業立ち上げへの意欲,・Web広告代理店での勤務経験（リスティング、SNS、アフィリエイト問わず）・シナリオ設計、コピーライター、ステップ配信などに関わる、コミュニケーション設計・マネージメント経験,"週4日･5日                            
(ﾘﾓｰﾄ：可)","400,000円以上",水道橋・飯田橋（湯島駅）,業務委託,※報酬額は【週5日（月20日）換算】した際の金額です,案件ID：000006103279,
2680,2680,2681,https://lancersagent.com/project/marketer/00616467430894619163f7159,"定番【週4日･5日/広告運用マーケター】                                webマーケティングで企業を支援する広告運用事業の責任者候補                            週4日･5日 | 600,000〜1,000,000円 / 月広告運用マーケター週4日･5日水道橋・飯田橋（新御茶ノ水駅）【会社概要】AI（人工知能）で企業のデジタルトランスフォーメーションを推進しています。◎仕事内容・広告運用メンバーのマネジメント・顧客の課題特定及びアドバイザー業務・サイト改善の企画及び提案・web広告運用（リスティング、SNSなど）・データ解析（Google Analyticsなど）詳細を見る",広告運用マーケター,,週4日･5日,水道橋・飯田橋（新御茶ノ水駅）,                webマーケティングで企業を支援する広告運用事業の責任者候補 | ランサーズエージェント（Lancers Agent）            ,https://lancersagent.com//project/marketer/00616467430894619163f7159,"【会社概要】
AI（人工知能）で企業のデジタルトランスフォーメーションを推進しています。

◎仕事内容
・広告運用メンバーのマネジメント
・顧客の課題特定及びアドバイザー業務
・サイト改善の企画及び提案
・web広告運用（リスティング、SNSなど）
・データ解析（Google Analyticsなど）/マーケター/リスティング/水道橋・飯田橋",【週4日･5日/】,webマーケティングで企業を支援する広告運用事業の責任者候補,"600,000〜1,000,000円/ 月※ 消費税別の実際にお渡しする金額です",広告運用マーケター,,週4日･5日,水道橋・飯田橋（新御茶ノ水駅）,【会社概要】AI（人工知能）で企業のデジタルトランスフォーメーションを推進しています。◎仕事内容・広告運用メンバーのマネジメント・顧客の課題特定及びアドバイザー業務・サイト改善の企画及び提案・web広告運用（リスティング、SNSなど）・データ解析（Google Analyticsなど）,広告運用マーケター,,・webマーケティングに関する企画、運用業務経験(リスティング、SNS、SEOなど)・数名のメンバーマネジメント経験,・弊社ミッション、ビジョンに共感してくださる方・マーケティングを通して「経営」にまで深く携わりたい方・デジタルマーケティングのエキスパートを目指したい方,"週4日･5日                            
(ﾘﾓｰﾄ：可)","600,000〜1,000,000円",水道橋・飯田橋（新御茶ノ水駅）,業務委託,※報酬額は【週5日（月20日）換算】した際の金額です,案件ID：000006102960,
4306,4306,4307,https://lancersagent.com/project/marketer/0061644365022407fc85099,"注目【週3日/Webマーケター】                                【即日採用！】共同事業サービスにおけるWebマーケティング業務                            週3日 | 400,000〜700,000円 / 月Webマーケター週3日新橋・銀座・東京（東銀座駅）・アプリのユーザー集客   Ｌパートナー企業が保有する顧客基盤に対してメルマガ等のオンラインチャネルやオフラインチャネルを組み合わせた施策を展開   Ｌ新規ユーザー獲得キャンペーンの企画立案、アプリ内およびLP実装ディレクション、オペレーション・アプリ内CRM   Ｌプッシュ通知の企画立案/実行（管理画面等を用いた入稿作業）   Ｌ既存機能の改善や新機能の企画立案/実行上記に関わるエンジニアおよびサポートメン詳細を見る",Webマーケター,,週3日,新橋・銀座・東京（東銀座駅）,                【即日採用！】共同事業サービスにおけるWebマーケティング業務 | ランサーズエージェント（Lancers Agent）            ,https://lancersagent.com//project/marketer/0061644365022407fc85099,"・アプリのユーザー集客
   Ｌパートナー企業が保有する顧客基盤に対してメルマガ等のオンラインチャネルやオフラインチャネルを組み合わせた施策を展開
   Ｌ新規ユーザー獲得キャンペーンの企画立案、アプリ内およびLP実装ディレクション、オペレーション
・アプリ内CRM
   Ｌプッシュ通知の企画立案/実行（管理画面等を用いた入稿作業）
   Ｌ既存機能の改善や新機能の企画立案/実行
上記に関わる
エンジニアおよびサポートメン/マーケター/その他/新橋・銀座・東京",【週3日/】,【即日採用！】共同事業サービスにおけるWebマーケティング業務,"400,000〜700,000円/ 月※ 消費税別の実際にお渡しする金額です",Webマーケター,,週3日,新橋・銀座・東京（東銀座駅）,・アプリのユーザー集客Ｌパートナー企業が保有する顧客基盤に対してメルマガ等のオンラインチャネルやオフラインチャネルを組み合わせた施策を展開Ｌ新規ユーザー獲得キャンペーンの企画立案、アプリ内およびLP実装ディレクション、オペレーション・アプリ内CRMＬプッシュ通知の企画立案/実行（管理画面等を用いた入稿作業）Ｌ既存機能の改善や新機能の企画立案/実行上記に関わるエンジニアおよびサポートメン,Webマーケター,,・コンシューマー向けのwebまたはアプリサービスのマーケティング業務,・コンシューマー向けのwebまたはアプリサービスのPM業務・チーム内外の関係者と連携してスムーズに業務を進めるためのコミュニケーション能力,"週3日                            
(ﾘﾓｰﾄ：一部可)","400,000〜700,000円",新橋・銀座・東京（東銀座駅）,業務委託,報酬は稼働日数に応じます,案件ID：000006101165,
4694,4694,4695,https://lancersagent.com/project/marketer/00616322231688329e800fdf,注目【週5日/WEBマーケター】                                【マーケター】Facebook広告の運用及び改善業務                            週5日 | 2〜2.9万円 / 日WEBマーケター週5日渋谷・新宿（池尻大橋駅）弊社経営者ネットワーク本部において、Facebook広告の運用及び改善業務をお任せいたします。顧客満足度最大化をミッションとし、運用型広告の設計・設定・配信を行い、広告戦術を実行していただきます。（業務例）・広告運用・入札調整・上記に伴う入稿作業・レポート作成・第三者への入稿依頼・チェック・広告配信前のシミュレーション・ターゲティング案作成・広告配信における戦略・立案詳細を見る,WEBマーケター,,週5日,渋谷・新宿（池尻大橋駅）,                【マーケター】Facebook広告の運用及び改善業務 | ランサーズエージェント（Lancers Agent）            ,https://lancersagent.com//project/marketer/00616322231688329e800fdf,"弊社経営者ネットワーク本部において、Facebook広告の運用及び改善業務をお任せいたします。

顧客満足度最大化をミッションとし、運用型広告の設計・設定・配信を行い、広告戦術を実行していただきます。

（業務例）
・広告運用・入札調整
・上記に伴う入稿作業・レポート作成
・第三者への入稿依頼・チェック
・広告配信前のシミュレーション・ターゲティング案作成
・広告配信における戦略・立案/マーケター/SNS/渋谷・新宿",【週5日/】,【マーケター】Facebook広告の運用及び改善業務,2〜2.9万円/ 日※ 消費税別の実際にお渡しする金額です,WEBマーケター,,週5日,渋谷・新宿（池尻大橋駅）,弊社経営者ネットワーク本部において、Facebook広告の運用及び改善業務をお任せいたします。顧客満足度最大化をミッションとし、運用型広告の設計・設定・配信を行い、広告戦術を実行していただきます。（業務例）・広告運用・入札調整・上記に伴う入稿作業・レポート作成・第三者への入稿依頼・チェック・広告配信前のシミュレーション・ターゲティング案作成・広告配信における戦略・立案,WEBマーケター,,・SNS広告運用作業経験・BtoBのSNS広告運用経験・Google Analyticsでの分析経験がある方,・月間予算1000万円以上の規模のFacebook広告の運用経験/運用代行経験・MAツール（Pardot）使用のご経験,"週5日                            
(ﾘﾓｰﾄ：一部可)",2〜2.9万円,渋谷・新宿（池尻大橋駅）,業務委託,※報酬額は【週5日（月20日）換算】した際の金額です,案件ID：000006099349,
4961,4961,4962,https://lancersagent.com/project/marketer/0061643351579265215e552ac,"注目【週3日/Webマーケター】                                【マーケター】共同事業サービスにおけるWebマーケティング業務                            週3日 | 400,000〜700,000円 / 月Webマーケター週3日新橋・銀座・東京（東銀座駅）・アプリのユーザー集客   Ｌパートナー企業が保有する顧客基盤に対してメルマガ等のオンラインチャネルやオフラインチャネルを組み合わせた施策を展開   Ｌ新規ユーザー獲得キャンペーンの企画立案、アプリ内およびLP実装ディレクション、オペレーション・アプリ内CRM   Ｌプッシュ通知の企画立案/実行（管理画面等を用いた入稿作業）   Ｌ既存機能の改善や新機能の企画立案/実行上記に関わるエンジニアおよびサポートメン詳細を見る",Webマーケター,,週3日,新橋・銀座・東京（東銀座駅）,                【マーケター】共同事業サービスにおけるWebマーケティング業務 | ランサーズエージェント（Lancers Agent）            ,https://lancersagent.com//project/marketer/0061643351579265215e552ac,"・アプリのユーザー集客
   Ｌパートナー企業が保有する顧客基盤に対してメルマガ等のオンラインチャネルやオフラインチャネルを組み合わせた施策を展開
   Ｌ新規ユーザー獲得キャンペーンの企画立案、アプリ内およびLP実装ディレクション、オペレーション
・アプリ内CRM
   Ｌプッシュ通知の企画立案/実行（管理画面等を用いた入稿作業）
   Ｌ既存機能の改善や新機能の企画立案/実行
上記に関わる
エンジニアおよびサポートメン/マーケター/その他/新橋・銀座・東京",【週3日/】,【マーケター】共同事業サービスにおけるWebマーケティング業務,"400,000〜700,000円/ 月※ 消費税別の実際にお渡しする金額です",Webマーケター,,週3日,新橋・銀座・東京（東銀座駅）,・アプリのユーザー集客Ｌパートナー企業が保有する顧客基盤に対してメルマガ等のオンラインチャネルやオフラインチャネルを組み合わせた施策を展開Ｌ新規ユーザー獲得キャンペーンの企画立案、アプリ内およびLP実装ディレクション、オペレーション・アプリ内CRMＬプッシュ通知の企画立案/実行（管理画面等を用いた入稿作業）Ｌ既存機能の改善や新機能の企画立案/実行上記に関わるエンジニアおよびサポートメン,Webマーケター,,・コンシューマー向けのwebまたはアプリサービスのマーケティング業務,・コンシューマー向けのwebまたはアプリサービスのPM業務・チーム内外の関係者と連携してスムーズに業務を進めるためのコミュニケーション能力,"週3日                            
(ﾘﾓｰﾄ：一部可)","400,000〜700,000円",新橋・銀座・東京（東銀座駅）,業務委託,,案件ID：000006100685,
5008,5008,5009,https://lancersagent.com/project/marketer/0061643255306626214a7f661,"【週1日/SNSマーケター】                                【マーケター】自社製品の海外販促に向けたSNS立ち上げ・運用                            週1日 | 500,000〜600,000円 / 月SNSマーケター週1日豊洲（浅草駅）【案件概要】生活雑貨分野のメーカーにてSNSの選定から立ち上げから運用までおこなっていただけるマーケターの方を募集します。■業務イメージ　- SNS立ち上げ、選定　- 投稿内容の編集（英語）　- SNS運用　- SNS広告運用等の検討詳細を見る",SNSマーケター,,週1日,豊洲（浅草駅）,                【マーケター】自社製品の海外販促に向けたSNS立ち上げ・運用 | ランサーズエージェント（Lancers Agent）            ,https://lancersagent.com//project/marketer/0061643255306626214a7f661,"【案件概要】
生活雑貨分野のメーカーにてSNSの選定から立ち上げから運用までおこなっていただけるマーケターの方を募集します。

■業務イメージ
　- SNS立ち上げ、選定
　- 投稿内容の編集（英語）
　- SNS運用
　- SNS広告運用等の検討/マーケター/SNS/豊洲",【週1日/】,                        ※ 消費税別の実際にお渡しする金額です                    ,"500,000〜600,000円/ 月※ 消費税別の実際にお渡しする金額です",SNSマーケター,,週1日,豊洲（浅草駅）,【案件概要】生活雑貨分野のメーカーにてSNSの選定から立ち上げから運用までおこなっていただけるマーケターの方を募集します。■業務イメージ- SNS立ち上げ、選定- 投稿内容の編集（英語）- SNS運用- SNS広告運用等の検討,SNSマーケター,,・企業アカウントでのSNSの立ち上げ、運用経験・英語の経験（読み書き）,・海外SNSアカウントの運用経験・SNS広告運用の経験,"週1日                            
(ﾘﾓｰﾄ：可)","500,000〜600,000円",豊洲（浅草駅）,業務委託,,案件ID：000006100596,
5316,5316,5317,https://lancersagent.com/project/marketer/00616427704013136e801c75,"注目【週3日･4日･5日/WEBマーケター】                                【マーケター】スポーツビジネス企業のメルマガ配信業務                            週3日･4日･5日 | 600,000〜750,000円 / 月WEBマーケター週3日･4日･5日新橋・銀座・東京（新橋駅）メルマガ配信業務を担っていただける方を募集いたします。■仕事内容メール配信業務Marketo、シナジーマーケティングを活用したコーディング業務（週4～5件、1件あたり3時間程度）■業務フロー→Marketo、シナジーマーケティングにて既存メールの複製及び新規作成→メール本文の入稿→クロスチェック→担当者にテストメール内容確認詳細を見る",WEBマーケター,,週3日･4日･5日,新橋・銀座・東京（新橋駅）,                【マーケター】スポーツビジネス企業のメルマガ配信業務 | ランサーズエージェント（Lancers Agent）            ,https://lancersagent.com//project/marketer/00616427704013136e801c75,"メルマガ配信業務を担っていただける方を募集いたします。

■仕事内容
メール配信業務
Marketo、シナジーマーケティングを活用したコーディング業務
（週4～5件、1件あたり3時間程度）

■業務フロー
→Marketo、シナジーマーケティングにて既存メールの複製及び新規作成
→メール本文の入稿
→クロスチェック
→担当者にテストメール内容確認/マーケター/コンテンツマーケ/新橋・銀座・東京",【週3日･4日･5日/】,【マーケター】スポーツビジネス企業のメルマガ配信業務,"600,000〜750,000円/ 月※ 消費税別の実際にお渡しする金額です",WEBマーケター,,週3日･4日･5日,新橋・銀座・東京（新橋駅）,メルマガ配信業務を担っていただける方を募集いたします。■仕事内容メール配信業務Marketo、シナジーマーケティングを活用したコーディング業務（週4～5件、1件あたり3時間程度）■業務フロー→Marketo、シナジーマーケティングにて既存メールの複製及び新規作成→メール本文の入稿→クロスチェック→担当者にテストメール内容確認,WEBマーケター,,・Marketoもしくは、シナジーマーケティングを使用した実務経験,-,"週3日･4日･5日                            
(ﾘﾓｰﾄ：可)","600,000〜750,000円",新橋・銀座・東京（新橋駅）,業務委託,※報酬額は【週5日（月20日）換算】した際の金額です,案件ID：000006100405,
5581,5581,5582,https://lancersagent.com/project/marketer/0061639961744658414a81524,"【週5日/マーケター】                                【マーケター】大手キャリアでのデジタルマーケティング業務                            週5日 | 500,000〜600,000円 / 月マーケター週5日赤坂・永田町（五反田駅）【企業情報】私たちは、ブランド戦略立案、クリエイティブ制作、システム開発の３つのサービスを提供するマーケティング支援企業です。【案件概要】クライアントである大手キャリアにてクライアントが運営するWeb広告やWebサイト分析を中心としたデジタルマーケティング業務を実施していただきます。※詳細はご面談時にお話しいたします。詳細を見る",マーケター,,週5日,赤坂・永田町（五反田駅）,                【マーケター】大手キャリアでのデジタルマーケティング業務 | ランサーズエージェント（Lancers Agent）            ,https://lancersagent.com//project/marketer/0061639961744658414a81524,"【企業情報】
私たちは、ブランド戦略立案、クリエイティブ制作、
システム開発の３つのサービスを提供するマーケティング支援企業です。

【案件概要】
クライアントである大手キャリアにてクライアントが運営するWeb広告やWebサイト分析を
中心としたデジタルマーケティング業務を実施していただきます。
※詳細はご面談時にお話しいたします。/マーケター/その他/赤坂・永田町",【週5日/】,                        ※ 消費税別の実際にお渡しする金額です                    ,"500,000〜600,000円/ 月※ 消費税別の実際にお渡しする金額です",マーケター,,週5日,赤坂・永田町（五反田駅）,【企業情報】私たちは、ブランド戦略立案、クリエイティブ制作、システム開発の３つのサービスを提供するマーケティング支援企業です。【案件概要】クライアントである大手キャリアにてクライアントが運営するWeb広告やWebサイト分析を中心としたデジタルマーケティング業務を実施していただきます。※詳細はご面談時にお話しいたします。,マーケター,,・Web広告の運用経験・GoogleアナリティクスおよびGoogleタグマネージャーを活用しWebサイト分析ができる・分析報告レポートなどのドキュメント作成能力,・顧客折衝のご経験・世の中のトレンドに敏感であること,"週5日                            
(ﾘﾓｰﾄ：一部可)","500,000〜600,000円",赤坂・永田町（五反田駅）,業務委託,※参考報酬額は週5日でご稼働いただいた場合の金額です,案件ID：000006099813,
5584,5584,5585,https://lancersagent.com/project/marketer/0061646275255920314a807f3,"【週5日/マーケター】                                【マーケター】大手キャリアでのデジタルマーケティング業務                            週5日 | 500,000〜600,000円 / 月マーケター週5日赤坂・永田町（五反田駅）【企業情報】私たちは、ブランド戦略立案、クリエイティブ制作、システム開発の３つのサービスを提供するマーケティング支援企業です。【案件概要】クライアントである大手キャリアにてクライアントが運営するWeb広告やWebサイト分析を中心としたデジタルマーケティング業務を実施していただきます。※詳細はご面談時にお話しいたします。詳細を見る",マーケター,,週5日,赤坂・永田町（五反田駅）,                【マーケター】大手キャリアでのデジタルマーケティング業務 | ランサーズエージェント（Lancers Agent）            ,https://lancersagent.com//project/marketer/0061646275255920314a807f3,"【企業情報】
私たちは、ブランド戦略立案、クリエイティブ制作、
システム開発の３つのサービスを提供するマーケティング支援企業です。

【案件概要】
クライアントである大手キャリアにてクライアントが運営するWeb広告やWebサイト分析を
中心としたデジタルマーケティング業務を実施していただきます。
※詳細はご面談時にお話しいたします。/マーケター/その他/赤坂・永田町",【週5日/】,                        ※ 消費税別の実際にお渡しする金額です                    ,"500,000〜600,000円/ 月※ 消費税別の実際にお渡しする金額です",マーケター,,週5日,赤坂・永田町（五反田駅）,【企業情報】私たちは、ブランド戦略立案、クリエイティブ制作、システム開発の３つのサービスを提供するマーケティング支援企業です。【案件概要】クライアントである大手キャリアにてクライアントが運営するWeb広告やWebサイト分析を中心としたデジタルマーケティング業務を実施していただきます。※詳細はご面談時にお話しいたします。,マーケター,,・Web広告の運用経験・GoogleアナリティクスおよびGoogleタグマネージャーを活用しWebサイト分析ができる・分析報告レポートなどのドキュメント作成能力,・顧客折衝のご経験・世の中のトレンドに敏感であること,"週5日                            
(ﾘﾓｰﾄ：一部可)","500,000〜600,000円",赤坂・永田町（五反田駅）,業務委託,※参考報酬額は週5日でご稼働いただいた場合の金額です,案件ID：000006102659,
5611,5611,5612,https://lancersagent.com/project/marketer/006164067936259378d53c1d,"【週3日･4日･5日/WEBマーケター】                                【マーケター】最先端AIを活用した音声合成ソフトウェアにおけるWEBマーケティング業務                            週3日･4日･5日 | 600,000〜700,000円 / 月WEBマーケター‐週3日･4日･5日渋谷・新宿（新宿駅）【業務概要】最先端AIを活用した音声合成ソフトウェアの成長を急加速させるべく、 デジタルマーケティング、オフラインマーケティングを活用してリード獲得・エンゲージメントを高めていく業務を担っていただきます【業務内容】・マーケティングコミュニケーション戦略の企画と実行のマネジメント・リード獲得のトラッキング・コンテンツ企画、制作、編集、実行、分析（ウェブサイト、SNS、メルマガ等）.....詳細を見る",WEBマーケター,‐,週3日･4日･5日,渋谷・新宿（新宿駅）,                【マーケター】最先端AIを活用した音声合成ソフトウェアにおけるWEBマーケティング業務 | ランサーズエージェント（Lancers Agent）            ,https://lancersagent.com//project/marketer/006164067936259378d53c1d,"【業務概要】
最先端AIを活用した音声合成ソフトウェアの成長を急加速させるべく、 デジタルマーケティング、オフラインマーケティングを活用してリード獲得・エンゲージメントを高めていく業務を担っていただきます

【業務内容】
・マーケティングコミュニケーション戦略の企画と実行のマネジメント
・リード獲得のトラッキング
・コンテンツ企画、制作、編集、実行、分析（ウェブサイト、SNS、メルマガ等）.....
/マーケター/コンテンツマーケ/渋谷・新宿",【週3日･4日･5日/】,                        ※ 消費税別の実際にお渡しする金額です                    ,"600,000〜700,000円/ 月※ 消費税別の実際にお渡しする金額です",WEBマーケター,,週3日･4日･5日,渋谷・新宿（新宿駅）,【業務概要】最先端AIを活用した音声合成ソフトウェアの成長を急加速させるべく、 デジタルマーケティング、オフラインマーケティングを活用してリード獲得・エンゲージメントを高めていく業務を担っていただきます【業務内容】・マーケティングコミュニケーション戦略の企画と実行のマネジメント・リード獲得のトラッキング・コンテンツ企画、制作、編集、実行、分析（ウェブサイト、SNS、メルマガ等）.....,WEBマーケター,‐,・BtoB デジタルマーケティング経験・メルマガや記事などの文章を用いたコンテンツ企画・制作・進行ご経験・基本的なビジネス英語,・制作物（Webサイト、LP、バナー、ホワイトペーパー等）の企画、制作進行経験・リード獲得のためのセミナーやイベントの企画・施策実行のご経験・SEO対策の戦略立案や運用のご経験・Google Analyticsなど分析ツールのご経験,"週3日･4日･5日                            
(ﾘﾓｰﾄ：相談可)","600,000〜700,000円",渋谷・新宿（新宿駅）,業務委託,※報酬額は【週5日（月20日）換算】した際の金額です,案件ID：000006099955,
5626,5626,5627,https://lancersagent.com/project/marketer/00616164852591835e8002a2,注目【週4日･5日/SEOマーケター】                                【MP】金融SEOメディアにおけるマーケティング・ディレクション業務                            週4日･5日 | 2.5〜3万円 / 日SEOマーケターHTML・CSS・JavaScript週4日･5日五反田・恵比寿・六本木（池尻大橋駅）金融SEOメディアにおける、SEO観点での記事の分析や集計、そのうち手としての記事リライトの実施、及びCVレートの改善を担っていただける方を募集しております。詳細を見る,SEOマーケター,HTML・CSS・JavaScript,週4日･5日,五反田・恵比寿・六本木（池尻大橋駅）,                【MP】金融SEOメディアにおけるマーケティング・ディレクション業務 | ランサーズエージェント（Lancers Agent）            ,https://lancersagent.com//project/marketer/00616164852591835e8002a2,"金融SEOメディアにおける、SEO観点での記事の分析や集計、そのうち手としての記事リライトの実施、及びCVレートの改善を担っていただける方を募集しております。
/マーケター/SEO/五反田・恵比寿・六本木",【週4日･5日/HTML・CSS・JavaScript】,【MP】金融SEOメディアにおけるマーケティング・ディレクション業務,2.5〜3万円/ 日※ 消費税別の実際にお渡しする金額です,SEOマーケター,HTML・CSS・JavaScript,週4日･5日,五反田・恵比寿・六本木（池尻大橋駅）,金融SEOメディアにおける、SEO観点での記事の分析や集計、そのうち手としての記事リライトの実施、及びCVレートの改善を担っていただける方を募集しております。,SEOマーケター,HTML・CSS・JavaScript,・SEOマーケティングの実務経験をお持ちの方,・Excel、スプレッドシートでの集計表作成・データ管理のご経験がある方・HTML、CSSの修正ができる方（ゼロから作れる必要はない）└ （例）表のデザイン変更／表の列の固定表示など・Javascriptの修正が可能な方・メディアのマネタイズ経験をお持ちの方・ライターの採用、記事執筆依頼、修正指示の経験がある方・金融業界での業務経験がある方・経済やビジネス、金融、投資に関する知識・興味がある方,"週4日･5日                            
(ﾘﾓｰﾄ：相談可)",2.5〜3万円,五反田・恵比寿・六本木（池尻大橋駅）,業務委託,※報酬額は【週5日（月20日）換算】した際の金額です,案件ID：000006098990,
5627,5627,5628,https://lancersagent.com/project/marketer/0061640246084414314a7f95d,"定番【週4日･5日/SNSマーケター】                                【マーケター】EC顧客層へのデジタルマーケティング支援におけるSNS広告運用                            週4日･5日 | 400,000〜550,000円 / 月SNSマーケター週4日･5日五反田・恵比寿・六本木（渋谷駅）弊社は複数の事業を開発し運営しているチームです。SNS広告事業、コンテンツマーケティング事業、越境コマース事業を展開しております。【案件概要】クライアントのフロント対応〜SNS広告運用業務業務をご担当いただきます。顧客層はEC｜月間予算規模数百万円〜数千万円詳細を見る",SNSマーケター,,週4日･5日,五反田・恵比寿・六本木（渋谷駅）,                【マーケター】EC顧客層へのデジタルマーケティング支援におけるSNS広告運用 | ランサーズエージェント（Lancers Agent）            ,https://lancersagent.com//project/marketer/0061640246084414314a7f95d,"弊社は複数の事業を開発し運営しているチームです。
SNS広告事業、コンテンツマーケティング事業、越境コマース事業を展開しております。

【案件概要】
クライアントのフロント対応〜SNS広告運用業務業務をご担当いただきます。
顧客層はEC｜月間予算規模数百万円〜数千万円/マーケター/SNS/五反田・恵比寿・六本木",【週4日･5日/】,【マーケター】EC顧客層へのデジタルマーケティング支援におけるSNS広告運用,"400,000〜550,000円/ 月※ 消費税別の実際にお渡しする金額です",SNSマーケター,,週4日･5日,五反田・恵比寿・六本木（渋谷駅）,弊社は複数の事業を開発し運営しているチームです。SNS広告事業、コンテンツマーケティング事業、越境コマース事業を展開しております。【案件概要】クライアントのフロント対応〜SNS広告運用業務業務をご担当いただきます。顧客層はEC｜月間予算規模数百万円〜数千万円,SNSマーケター,,・Facebook/Instagram/LINE広告の運用経験・デザイナーと連携してのクリエイティブ企画の経験・キャッチコピー制作の経験※広告バナー内キャッチコピー程度でOK,・代理店での業務経験,"週4日･5日                            
(ﾘﾓｰﾄ：可)","400,000〜550,000円",五反田・恵比寿・六本木（渋谷駅）,業務委託,※報酬額は【週5日（月20日）換算】した際の金額です,案件ID：000006099903,
5747,5747,5748,https://lancersagent.com/project/marketer/0061639961367621214a80485,"【週4日･5日/マーケター】                                【マーケター】大手キャリアでのオウンドメディアへの出稿調整業務                            週4日･5日 | 500,000〜600,000円 / 月マーケター週4日･5日赤坂・永田町（溜池山王）【企業情報】私たちは、ブランド戦略立案、クリエイティブ制作、システム開発の３つのサービスを提供するマーケティング支援企業です。【案件概要】クライアントである大手キャリアにてクライアントが運営するオウンドメディアへの出稿調整業務を実施していただきます。※詳細はご面談時にお話しいたします。詳細を見る",マーケター,,週4日･5日,赤坂・永田町（溜池山王）,                【マーケター】大手キャリアでのオウンドメディアへの出稿調整業務 | ランサーズエージェント（Lancers Agent）            ,https://lancersagent.com//project/marketer/0061639961367621214a80485,"【企業情報】
私たちは、ブランド戦略立案、クリエイティブ制作、
システム開発の３つのサービスを提供するマーケティング支援企業です。
【案件概要】
クライアントである大手キャリアにてクライアントが運営するオウンドメディアへの出稿調整業務を実施していただきます。
※詳細はご面談時にお話しいたします。/マーケター/その他/赤坂・永田町",【週4日･5日/】,                        ※ 消費税別の実際にお渡しする金額です                    ,"500,000〜600,000円/ 月※ 消費税別の実際にお渡しする金額です",マーケター,,週4日･5日,赤坂・永田町（溜池山王）,【企業情報】私たちは、ブランド戦略立案、クリエイティブ制作、システム開発の３つのサービスを提供するマーケティング支援企業です。【案件概要】クライアントである大手キャリアにてクライアントが運営するオウンドメディアへの出稿調整業務を実施していただきます。※詳細はご面談時にお話しいたします。,マーケター,,・WEBプロモーションに関する知識及び経験・コミュニケーション力及び調整力・広告運用等の経験・レポート作成／説明・制作会社への指示出し,-,"週4日･5日                            
(ﾘﾓｰﾄ：一部可)","500,000〜600,000円",赤坂・永田町（溜池山王）,業務委託,※参考報酬額は週5日でご稼働いただいた場合の金額です,案件ID：000006099812,
5764,5764,5765,https://lancersagent.com/project/marketer/0061639446791219314a81269,"【週4日･5日/マーケター】                                【マーケター】大手キャリアでのデジタルマーケティング業務                            週4日･5日 | 500,000〜600,000円 / 月マーケター週4日･5日赤坂・永田町（五反田駅）【企業情報】私たちは、ブランド戦略立案、クリエイティブ制作、システム開発の３つのサービスを提供するマーケティング支援企業です。【案件概要】クライアントである大手キャリアにてクライアントが運営するWeb広告やWebサイト分析を中心としたデジタルマーケティング業務を実施していただきます。※詳細はご面談時にお話しいたします。詳細を見る",マーケター,,週4日･5日,赤坂・永田町（五反田駅）,                【マーケター】大手キャリアでのデジタルマーケティング業務 | ランサーズエージェント（Lancers Agent）            ,https://lancersagent.com//project/marketer/0061639446791219314a81269,"【企業情報】
私たちは、ブランド戦略立案、クリエイティブ制作、
システム開発の３つのサービスを提供するマーケティング支援企業です。

【案件概要】
クライアントである大手キャリアにてクライアントが運営するWeb広告やWebサイト分析を
中心としたデジタルマーケティング業務を実施していただきます。
※詳細はご面談時にお話しいたします。/マーケター/その他/赤坂・永田町",【週4日･5日/】,                        ※ 消費税別の実際にお渡しする金額です                    ,"500,000〜600,000円/ 月※ 消費税別の実際にお渡しする金額です",マーケター,,週4日･5日,赤坂・永田町（五反田駅）,【企業情報】私たちは、ブランド戦略立案、クリエイティブ制作、システム開発の３つのサービスを提供するマーケティング支援企業です。【案件概要】クライアントである大手キャリアにてクライアントが運営するWeb広告やWebサイト分析を中心としたデジタルマーケティング業務を実施していただきます。※詳細はご面談時にお話しいたします。,マーケター,,・Web広告に関する知識・GTM及びGAの実装及び分析・レポート作成／説明,・BigQuery、GCPの知識・SQLでのデータ加工・結合・抽出,"週4日･5日                            
(ﾘﾓｰﾄ：相談可)","500,000〜600,000円",赤坂・永田町（五反田駅）,業務委託,※参考報酬額は週5日でご稼働いただいた場合の金額です,案件ID：000006099790,
5802,5802,5803,https://lancersagent.com/project/marketer/006160371321786414a81548,"注目【週4日･5日/マーケター】                                【デジタルマーケティング】自社化粧品の新ブランド立ち上げに関するマーケティング業務                            週4日･5日 | 400,000〜550,000円 / 月マーケター週4日･5日渋谷・新宿（高田馬場駅）自然派コスメECショップにおける、新規ユーザー獲得のためのWeb広告の戦略立案および運用などのWebマーケティング業務をお任せいたします。＜具体的な業務内容＞・Web広告のプランニング、運用、効果分析、改善・代理店等社外協力者との連携・メディア選定・出稿管理・予算管理、広告内容のディレクションなど詳細を見る",マーケター,,週4日･5日,渋谷・新宿（高田馬場駅）,                【デジタルマーケティング】自社化粧品の新ブランド立ち上げに関するマーケティング業務 | ランサーズエージェント（Lancers Agent）            ,https://lancersagent.com//project/marketer/006160371321786414a81548,"自然派コスメECショップにおける、新規ユーザー獲得のための
Web広告の戦略立案および運用などのWebマーケティング業務をお任せいたします。

＜具体的な業務内容＞
・Web広告のプランニング、運用、効果分析、改善
・代理店等社外協力者との連携
・メディア選定・出稿管理・予算管理、広告内容のディレクションなど/マーケター/リスティング/渋谷・新宿",【週4日･5日/】,【デジタルマーケティング】自社化粧品の新ブランド立ち上げに関するマーケティング業務,"400,000〜550,000円/ 月※ 消費税別の実際にお渡しする金額です",マーケター,,週4日･5日,渋谷・新宿（高田馬場駅）,自然派コスメECショップにおける、新規ユーザー獲得のためのWeb広告の戦略立案および運用などのWebマーケティング業務をお任せいたします。＜具体的な業務内容＞・Web広告のプランニング、運用、効果分析、改善・代理店等社外協力者との連携・メディア選定・出稿管理・予算管理、広告内容のディレクションなど,マーケター,,・WEBマーケティングの実務経験・Web広告(リスティング広告、アフィリエイト広告など)の複数の運用経験・運用予算規模が月間800万円以上の案件を扱ったご経験・マーケティング部門のリーダー経験,・女性向け商材の広告運用経験・新商品のマーケティング設計経験・マス媒体に対する知見,"週4日･5日                            
(ﾘﾓｰﾄ：一部可)","400,000〜550,000円",渋谷・新宿（高田馬場駅）,業務委託,※報酬額は【週5日（月20日）換算】した際の金額です,案件ID：000006098771,
5844,5844,5845,https://lancersagent.com/project/marketer/0061638427112667315e55516,定番【週5日/プロダクトマーケティングマネージャー】                                理学療法士の知見を元に立ち上げた介護/歩行×AIのプロダクトマーケティングマネージャー                            週5日 | 4〜5万円 / 日プロダクトマーケティングマネージャー週5日新橋・銀座・東京（汐留駅）弊社が開発した、スマホ一つで身体の動作分析ができるAIアプリのマーケティング、カスタマーサクセス、セールスに関わって頂きます。他社が提供するサービスのように大掛かりな施設や、設備は不要でどの施設にも必ずあるスマホ一台で測定が可能なプロダクトで既に200施設以上で使われています。（福祉用具のレンタル・販売のパイオニアであるヤマシタ社設立した事業会社の創業メンバーの一人として活躍頂ける方を探しております。）将来的には、アプリ詳細を見る,プロダクトマーケティングマネージャー,,週5日,新橋・銀座・東京（汐留駅）,                理学療法士の知見を元に立ち上げた介護/歩行×AIのプロダクトマーケティングマネージャー | ランサーズエージェント（Lancers Agent）            ,https://lancersagent.com//project/marketer/0061638427112667315e55516,"弊社が開発した、スマホ一つで身体の動作分析ができるAIアプリのマーケティング、カスタマーサクセス、セールスに関わって頂きます。

他社が提供するサービスのように大掛かりな施設や、設備は不要でどの施設にも必ずあるスマホ一台で測定が可能なプロダクトで既に200施設以上で使われています。（福祉用具のレンタル・販売のパイオニアであるヤマシタ社設立した事業会社の創業メンバーの一人として活躍頂ける方を探しております。）

将来的には、アプリ/マーケター/その他/新橋・銀座・東京",【週5日/】,理学療法士の知見を元に立ち上げた介護/歩行×AIのプロダクトマーケティングマネージャー,4〜5万円/ 日※ 消費税別の実際にお渡しする金額です,プロダクトマーケティングマネージャー,,週5日,新橋・銀座・東京（汐留駅）,弊社が開発した、スマホ一つで身体の動作分析ができるAIアプリのマーケティング、カスタマーサクセス、セールスに関わって頂きます。他社が提供するサービスのように大掛かりな施設や、設備は不要でどの施設にも必ずあるスマホ一台で測定が可能なプロダクトで既に200施設以上で使われています。（福祉用具のレンタル・販売のパイオニアであるヤマシタ社設立した事業会社の創業メンバーの一人として活躍頂ける方を探しております。）将来的には、アプリ,プロダクトマーケティングマネージャー,,・プロダクトマーケティング、カスタマーサクセス、セールスいずれかのご経験,・SaaS、ITソリューション等での業務経験・IT × 介護、医療、福祉業界での就業経験・大学や大学院で上記分野の研究等を行っていた方,"週5日                            
(ﾘﾓｰﾄ：相談可)",4〜5万円,新橋・銀座・東京（汐留駅）,業務委託,-,案件ID：000006099717,
5960,5960,5961,https://lancersagent.com/project/marketer/0061637217710525314a7f736,"【週3日･4日･5日/マーケター】                                【マーケター】WEBマーケティング企業でのリスティング広告運用                            週3日･4日･5日 | 400,000〜700,000円 / 月マーケター週3日･4日･5日赤坂・永田町（溜池山王）【案件概要】現在、クライアントからの広告運用業務の受注が増えており、運用チームで稼働いただけるマーケターを募集しております。まだまだ小さい会社のため、チーム組成やフローの改善など率先して行っていただける方を歓迎しております。詳細を見る",マーケター,,週3日･4日･5日,赤坂・永田町（溜池山王）,                【マーケター】WEBマーケティング企業でのリスティング広告運用 | ランサーズエージェント（Lancers Agent）            ,https://lancersagent.com//project/marketer/0061637217710525314a7f736,"【案件概要】
現在、クライアントからの広告運用業務の受注が増えており、運用チームで稼働いただける
マーケターを募集しております。
まだまだ小さい会社のため、チーム組成やフローの改善など率先して行っていただける方を歓迎しております。
/マーケター/リスティング/赤坂・永田町",【週3日･4日･5日/】,                        ※ 消費税別の実際にお渡しする金額です                    ,"400,000〜700,000円/ 月※ 消費税別の実際にお渡しする金額です",マーケター,,週3日･4日･5日,赤坂・永田町（溜池山王）,【案件概要】現在、クライアントからの広告運用業務の受注が増えており、運用チームで稼働いただけるマーケターを募集しております。まだまだ小さい会社のため、チーム組成やフローの改善など率先して行っていただける方を歓迎しております。,マーケター,,・リスティング広告運用のご経験,・toBでの広告運用経験・運用フローの設計や改善のご経験,"週3日･4日･5日                            
(ﾘﾓｰﾄ：一部可)","400,000〜700,000円",赤坂・永田町（溜池山王）,業務委託,※参考報酬は週5日でご稼働いただいた場合の金額です。,案件ID：000006099596,
6017,6017,6018,https://lancersagent.com/project/marketer/00616370598347635e80129a,"注目【週4日･5日/WEBマーケター(デジタルマーケティング)】                                【マーケター】国内最大級の金融メディアにおけるデジタルマーケティング業務                            週4日･5日 | 500,000〜580,000円 / 月WEBマーケター(デジタルマーケティング)週4日･5日渋谷・新宿（池尻大橋駅）弊社のプラットフォームコンサルティング事業本部またはメディアプラットフォーム事業本部にて、デジタルマーケティング運用をご担当いただきます。配属部署は、ご本人の希望を参考に、スキルに応じて決定させていただきます。詳細を見る",WEBマーケター(デジタルマーケティング),,週4日･5日,渋谷・新宿（池尻大橋駅）,                【マーケター】国内最大級の金融メディアにおけるデジタルマーケティング業務 | ランサーズエージェント（Lancers Agent）            ,https://lancersagent.com//project/marketer/00616370598347635e80129a,"弊社のプラットフォームコンサルティング事業本部またはメディアプラットフォーム事業本部にて、デジタルマーケティング運用をご担当いただきます。

配属部署は、ご本人の希望を参考に、スキルに応じて決定させていただきます。/マーケター/その他/渋谷・新宿",【週4日･5日/】,【マーケター】国内最大級の金融メディアにおけるデジタルマーケティング業務,"500,000〜580,000円/ 月※ 消費税別の実際にお渡しする金額です",WEBマーケター(デジタルマーケティング),,週4日･5日,渋谷・新宿（池尻大橋駅）,弊社のプラットフォームコンサルティング事業本部またはメディアプラットフォーム事業本部にて、デジタルマーケティング運用をご担当いただきます。配属部署は、ご本人の希望を参考に、スキルに応じて決定させていただきます。,WEBマーケター(デジタルマーケティング),,【①と②のポジション共通】・コミュニケーションが円滑な方・ユーザーおよびクライアントファーストで考えられる方・Excelまたはスプレッドシートでの集計表作成・データ管理のご経験がある方ーーーーーーーーーーーーーーーーーーーーーーーーーーーーーーーーーーーー【ポジション①】プラットフォームコンサルティング事業本部でのご稼働の場合・SNS広告運用のご経験ーーーーーーーーーーーーーーーーーーーーーーーーーーーーーーーーーーー【ポジション②】メディアプラットフォーム事業本部でのご稼働の場合・SmartNewsやyahooニュースのポータルサイトからのトラフィック獲得経験がある方,・メールマーケティングの実務経験・SEOマーケティングの実務経験,"週4日･5日                            
(ﾘﾓｰﾄ：一部可)","500,000〜580,000円",渋谷・新宿（池尻大橋駅）,業務委託,※報酬額は【週5日（月20日）換算】した際の金額です,案件ID：000006099553,
6018,6018,6019,https://lancersagent.com/project/marketer/0060I00000dtJJjQAM,"【週4日･5日/WEBアナリスト】                                【分析・マーケター】ECサイト改善を担うWEBアナリスト                            週4日･5日 | 400,000〜450,000円 / 月WEBアナリスト週4日･5日渋谷・新宿（新宿三丁目駅）GoogleAnalyticsを始めとした分析ツールを使い、クライアントのECサイトを分析・改善していただきます。ディレクターや、プロモーションのプランナースキルも兼ねている方、大歓迎です。詳細を見る",WEBアナリスト,,週4日･5日,渋谷・新宿（新宿三丁目駅）,                【分析・マーケター】ECサイト改善を担うWEBアナリスト | ランサーズエージェント（Lancers Agent）            ,https://lancersagent.com//project/marketer/0060I00000dtJJjQAM,"GoogleAnalyticsを始めとした分析ツールを使い、
クライアントのECサイトを分析・改善していただきます。

ディレクターや、プロモーションのプランナースキルも兼ねている方、大歓迎です。/マーケター/SEO/渋谷・新宿",【週4日･5日/】,                        ※ 消費税別の実際にお渡しする金額です                    ,"400,000〜450,000円/ 月※ 消費税別の実際にお渡しする金額です",WEBアナリスト,,週4日･5日,渋谷・新宿（新宿三丁目駅）,GoogleAnalyticsを始めとした分析ツールを使い、クライアントのECサイトを分析・改善していただきます。ディレクターや、プロモーションのプランナースキルも兼ねている方、大歓迎です。,WEBアナリスト,,・GoogleAnalyticsを始めとした分析ツールを使うことができる方,・ディレクターや、プロモーションのプランナーのスキル,"週4日･5日                            
(ﾘﾓｰﾄ：一部可)","400,000〜450,000円",渋谷・新宿（新宿三丁目駅）,業務委託,"時短や稼働曜日の相談可能
※報酬額は【週5日（月20日）換算】した際の金額です",案件ID：000006098322,
6030,6030,6031,https://lancersagent.com/project/marketer/00616239134623358d546cb,"注目【週1日･2日/マーケター(SEO)】                                【マーケター】HRtechベンチャーでのマーケター                            週1日･2日 | 500,000〜700,000円 / 月マーケター(SEO)Google・Analytics・Google・Analytics週1日･2日五反田・恵比寿・六本木（虎ノ門駅）人材派遣業向けクラウド管理システム（SaaS）におけるマーケティング業務をご担当いただきます。サイト構造SEOの順位を上げるコンバージョンの改善やオウンドメディアの立ち上げ、自社サイトの改修をご担当いただける方を募集いたします。(業務詳細)・ツール設定やレポート抽出（GA・サーチコンソール・GTMの設定やレポート抽出・クロスドメインの設定など）上記を使用したレポートの作成と改善案の作成、スケジュール作成等のP詳細を見る",マーケター(SEO),Google・Analytics・Google・Analytics,週1日･2日,五反田・恵比寿・六本木（虎ノ門駅）,                【マーケター】HRtechベンチャーでのマーケター | ランサーズエージェント（Lancers Agent）            ,https://lancersagent.com//project/marketer/00616239134623358d546cb,"人材派遣業向けクラウド管理システム（SaaS）におけるマーケティング業務をご担当いただきます。

サイト構造SEOの順位を上げるコンバージョンの改善やオウンドメディアの立ち上げ、自社サイトの改修をご担当いただける方を募集いたします。

(業務詳細)
・ツール設定やレポート抽出
（GA・サーチコンソール・GTMの設定やレポート抽出・クロスドメインの設定など）
上記を使用したレポートの作成と改善案の作成、スケジュール作成等のP/マーケター/コンテンツマーケ/五反田・恵比寿・六本木",【週1日･2日/】,【マーケター】HRtechベンチャーでのマーケター,"500,000〜700,000円/ 月※ 消費税別の実際にお渡しする金額です",マーケター(SEO),,週1日･2日,五反田・恵比寿・六本木（虎ノ門駅）,人材派遣業向けクラウド管理システム（SaaS）におけるマーケティング業務をご担当いただきます。サイト構造SEOの順位を上げるコンバージョンの改善やオウンドメディアの立ち上げ、自社サイトの改修をご担当いただける方を募集いたします。(業務詳細)・ツール設定やレポート抽出（GA・サーチコンソール・GTMの設定やレポート抽出・クロスドメインの設定など）上記を使用したレポートの作成と改善案の作成、スケジュール作成等のP,マーケター(SEO),Google・Analytics・Google・Analytics,・依頼予定業務のご経験・業界特化のBtoBマーケティング経験・直近のSEO状況の知見・SEO対策記事のライティングやレビューの経験,・Vertical系のシステム（SaaSだと望ましい）のマーケティング経験・HRTech系の業界経験をお持ちの方,"週1日･2日                            
(ﾘﾓｰﾄ：可)","500,000〜700,000円",五反田・恵比寿・六本木（虎ノ門駅）,業務委託,※報酬額は【週5日（月20日）換算】した際の金額です,案件ID：000006099139,
6042,6042,6043,https://lancersagent.com/project/marketer/00616365325064041e8018be,"注目【週1日･2日/マーケター(上流)】                                【マーケター】HRtechベンチャーでのマーケター業務（上流）                            週1日･2日 | 500,000〜700,000円 / 月マーケター(上流)週1日･2日五反田・恵比寿・六本木（虎ノ門駅）人材派遣業向けクラウド管理システム（SaaS）におけるマーケティング業務をご担当いただきます。Google、ヤフー、Facebookでの集客改善やTwitterやYoutube（GDN含む）の出稿を検討中です。(業務詳細)・各種管理画面の確認やレポート抽出、キーワードプランナーやオークション分析レポート等の作成・上記によるKW選定やテキスト修正・出稿金額の調整や戦略策定の壁打ち・LPO（LPが必要か否詳細を見る",マーケター(上流),,週1日･2日,五反田・恵比寿・六本木（虎ノ門駅）,                【マーケター】HRtechベンチャーでのマーケター業務（上流） | ランサーズエージェント（Lancers Agent）            ,https://lancersagent.com//project/marketer/00616365325064041e8018be,"人材派遣業向けクラウド管理システム（SaaS）におけるマーケティング業務をご担当いただきます。

Google、ヤフー、Facebookでの集客改善やTwitterやYoutube（GDN含む）の出稿を検討中です。


(業務詳細)
・各種管理画面の確認やレポート抽出、キーワードプランナーやオークション分析レポート等の作成
・上記によるKW選定やテキスト修正
・出稿金額の調整や戦略策定の壁打ち
・LPO（LPが必要か否/マーケター/SEO/五反田・恵比寿・六本木",【週1日･2日/】,【マーケター】HRtechベンチャーでのマーケター業務（上流）,"500,000〜700,000円/ 月※ 消費税別の実際にお渡しする金額です",マーケター(上流),,週1日･2日,五反田・恵比寿・六本木（虎ノ門駅）,人材派遣業向けクラウド管理システム（SaaS）におけるマーケティング業務をご担当いただきます。Google、ヤフー、Facebookでの集客改善やTwitterやYoutube（GDN含む）の出稿を検討中です。(業務詳細)・各種管理画面の確認やレポート抽出、キーワードプランナーやオークション分析レポート等の作成・上記によるKW選定やテキスト修正・出稿金額の調整や戦略策定の壁打ち・LPO（LPが必要か否,マーケター(上流),,・依頼予定業務のご経験・業界特化のBtoBマーケティング経験・直近のwebマーケティングのアルゴリズムやツール・機能等の知見,・Vertical系のシステム（SaaSだと望ましい）のマーケティング経験・上記特にHRTech系の業界だと望ましい,"週1日･2日                            
(ﾘﾓｰﾄ：可)","500,000〜700,000円",五反田・恵比寿・六本木（虎ノ門駅）,業務委託,※報酬額は【週5日（月20日）換算】した際の金額です,案件ID：000006099540,
6075,6075,6076,https://lancersagent.com/project/marketer/00616357615316005179bce7f,"注目【週3日･4日･5日/ブランディングマーケター】                                【ブランディングマーケター】電力小売企業でのプロモーション担当                            週3日･4日･5日 | 400,000円以上 / 月ブランディングマーケター週3日･4日･5日新橋・銀座・東京（上野、御徒町）再生可能エネルギーで急成長している企業おいて、電力販売事業を中心としたマーケティング担当を募集しております。入社後は、プロモーションの企画と実行などをお願いいたします詳細を見る",ブランディングマーケター,,週3日･4日･5日,新橋・銀座・東京（上野、御徒町）,                【ブランディングマーケター】電力小売企業でのプロモーション担当 | ランサーズエージェント（Lancers Agent）            ,https://lancersagent.com//project/marketer/00616357615316005179bce7f,再生可能エネルギーで急成長している企業おいて、電力販売事業を中心としたマーケティング担当を募集しております。入社後は、プロモーションの企画と実行などをお願いいたします/マーケター/ブランディング/新橋・銀座・東京,【週3日･4日･5日/】,【ブランディングマーケター】電力小売企業でのプロモーション担当,"400,000円以上/ 月※ 消費税別の実際にお渡しする金額です",ブランディングマーケター,,週3日･4日･5日,新橋・銀座・東京（上野、御徒町）,再生可能エネルギーで急成長している企業おいて、電力販売事業を中心としたマーケティング担当を募集しております。入社後は、プロモーションの企画と実行などをお願いいたします,ブランディングマーケター,,以下のような経験をお持ちの方（※いずれか一つ以上）デジタル領域におけるマーケティング業務経験デジタルを中心としたメディアプランニングの業務経験プロモーションクリエイティブ（TVCM/動画等）の開発ディレクション経験デジタルマーケティング領域のコンサルティング経験,-,"週3日･4日･5日                            
(ﾘﾓｰﾄ：一部可)","400,000円以上",新橋・銀座・東京（上野、御徒町）,業務委託,表記報酬に関しては、月20日稼働想定の報酬です。,案件ID：000006099502,
6153,6153,6154,https://lancersagent.com/project/marketer/006162079322638268d54b49,"【週3日･4日･5日/マーケター】                                【マーケター】ファンコミュニティ促進自社サービスのマーケティング業務                            週3日･4日･5日 | 600,000〜800,000円 / 月マーケター‐週3日･4日･5日五反田・恵比寿・六本木（目黒駅）弊社が運営しているTwitterを活用したファンコミュニティ促進自社サービスの営業企画、提案営業及びマーケティング業務をご担当いただきます【業務内容】・売上拡大のための営業戦略設計とゲーム業界以外のアポイント取り・必要に応じてWebマーケティングや広告/PRの実行詳細を見る",マーケター,‐,週3日･4日･5日,五反田・恵比寿・六本木（目黒駅）,                【マーケター】ファンコミュニティ促進自社サービスのマーケティング業務 | ランサーズエージェント（Lancers Agent）            ,https://lancersagent.com//project/marketer/006162079322638268d54b49,"弊社が運営しているTwitterを活用したファンコミュニティ促進自社サービスの営業企画、提案営業及びマーケティング業務をご担当いただきます

【業務内容】
・売上拡大のための営業戦略設計とゲーム業界以外のアポイント取り
・必要に応じてWebマーケティングや広告/PRの実行/マーケター/ブランディング/五反田・恵比寿・六本木",【週3日･4日･5日/】,                        ※ 消費税別の実際にお渡しする金額です                    ,"600,000〜800,000円/ 月※ 消費税別の実際にお渡しする金額です",マーケター,,週3日･4日･5日,五反田・恵比寿・六本木（目黒駅）,弊社が運営しているTwitterを活用したファンコミュニティ促進自社サービスの営業企画、提案営業及びマーケティング業務をご担当いただきます【業務内容】・売上拡大のための営業戦略設計とゲーム業界以外のアポイント取り・必要に応じてWebマーケティングや広告/PRの実行,マーケター,‐,・本質的な価値ベースで企画/エンタメ領域に顔が広く、知見が広い方,"・ゲーム業界以外におけるマーケティング経験・ゲーム業界以外における営業経験・エンタメ領域に知見がある方（etc,映画・音楽・漫画・アニメ）","週3日･4日･5日                            
(ﾘﾓｰﾄ：相談可)","600,000〜800,000円",五反田・恵比寿・六本木（目黒駅）,業務委託,※報酬額は【週5日（月20日）換算】した際の金額です,案件ID：000006099068,
6182,6182,6183,https://lancersagent.com/project/marketer/0061627610872169314a812b3,定番【週2日･3日/コンテンツディレクター】                                【コンテンツディレクター】自社ツールのマーケティングに関わるコンテンツディレクター                            週2日･3日 | 2〜3万円 / 日コンテンツディレクター週2日･3日豊洲（新富町駅）自社スクレイピング代行ツールや自動化ツールなどのマーケティングチームの所属で、マーケティングに関わる制作物のデザインを担当していただきます。【業務イメージ】・ホワイトペーパー作成・お客様先の提案書作成・LP、サイトのラフ案、ワイヤーフレーム作成詳細を見る,コンテンツディレクター,,週2日･3日,豊洲（新富町駅）,                【コンテンツディレクター】自社ツールのマーケティングに関わるコンテンツディレクター | ランサーズエージェント（Lancers Agent）            ,https://lancersagent.com//project/marketer/0061627610872169314a812b3,"自社スクレイピング代行ツールや自動化ツールなどのマーケティングチームの所属で、マーケティングに関わる制作物のデザインを担当していただきます。

【業務イメージ】
・ホワイトペーパー作成
・お客様先の提案書作成
・LP、サイトのラフ案、ワイヤーフレーム作成/マーケター/コンテンツマーケ/豊洲",【週2日･3日/】,【コンテンツディレクター】自社ツールのマーケティングに関わるコンテンツディレクター,2〜3万円/ 日※ 消費税別の実際にお渡しする金額です,コンテンツディレクター,,週2日･3日,豊洲（新富町駅）,自社スクレイピング代行ツールや自動化ツールなどのマーケティングチームの所属で、マーケティングに関わる制作物のデザインを担当していただきます。【業務イメージ】・ホワイトペーパー作成・お客様先の提案書作成・LP、サイトのラフ案、ワイヤーフレーム作成,コンテンツディレクター,,・マーケティング目線の思考がある方・コンテンツ制作のディレクション経験（LP、サイト、ホワイトペーパー等）・デザイン作業を依頼する前段階のワイヤーフレームが作れる方・社内向けの企画書、社外向けの提案書作成経験がある方,・スピード感がある方・決まっていない事も楽しめる方・BtoBマーケのご経験がある方,"週2日･3日                            
(ﾘﾓｰﾄ：一部可)",2〜3万円,豊洲（新富町駅）,業務委託,,案件ID：000006099221,
6192,6192,6193,https://lancersagent.com/project/marketer/00616328938035189179bd098,"注目【週5日/マーケター】                                【マーケター】アイドル系スマホゲームのファンマーケティング担当                            週5日 | 200,000〜1,000,000円 / 月マーケター週5日渋谷・新宿（目黒駅）ファンマーケティングは「どうすればお客様は喜んでもらえるか」を考えながらコミュニケーションプランを企画〜実施しています。＜業務の一例＞生放送など運営音楽LIVEの開催やコミックマーケットなど大型イベントへの参加カフェの実施やファンミーティングなどオフラインイベントの実施リアルイベントやSNSとの連動詳細を見る",マーケター,,週5日,渋谷・新宿（目黒駅）,                【マーケター】アイドル系スマホゲームのファンマーケティング担当 | ランサーズエージェント（Lancers Agent）            ,https://lancersagent.com//project/marketer/00616328938035189179bd098,"ファンマーケティングは「どうすればお客様は喜んでもらえるか」を考えながらコミュニケーションプランを企画〜実施しています。

＜業務の一例＞
生放送など運営
音楽LIVEの開催やコミックマーケットなど大型イベントへの参加
カフェの実施やファンミーティングなどオフラインイベントの実施
リアルイベントやSNSとの連動/マーケター/ブランディング/渋谷・新宿",【週5日/】,【マーケター】アイドル系スマホゲームのファンマーケティング担当,"200,000〜1,000,000円/ 月※ 消費税別の実際にお渡しする金額です",マーケター,,週5日,渋谷・新宿（目黒駅）,ファンマーケティングは「どうすればお客様は喜んでもらえるか」を考えながらコミュニケーションプランを企画〜実施しています。＜業務の一例＞生放送など運営音楽LIVEの開催やコミックマーケットなど大型イベントへの参加カフェの実施やファンミーティングなどオフラインイベントの実施リアルイベントやSNSとの連動,マーケター,,・コミュニティマネージメント企画経験がある(リアルイベント設営、オウンドメディア運営など)・SNS運用などのユーザーコミュニケーション業務経験がある・マーケティング施策においての具体的な成功経験がある,・一連のマーケティングサイクル（戦略立案→戦術実行→施策分析&レビュー）経験がある・市場調査や、消費者インタビュー等のリサーチ業務がある・1〜5名のマネジメント経験がある,"週5日                            
(ﾘﾓｰﾄ：相談可)","200,000〜1,000,000円",渋谷・新宿（目黒駅）,業務委託,-,案件ID：000006099370,
6222,6222,6223,https://lancersagent.com/project/marketer/00616322929225528175f72e1,"定番【週4日･5日/マーケター】                                【マーケター】顧客ECサイトの売上拡大におけるデジタルマーケティング業務                            週4日･5日 | 400,000〜600,000円 / 月マーケター週4日･5日新橋・銀座・東京（有楽町駅）【会社概要】Eコマースを活用し、ブランドメーカーが直接消費者に販売する支援します。サービス提供範囲として、EC戦略から、マーケティング、UI・UX、カスタマーサービス・物流までを エンドツーエンドで提供しています。【業務内容】クライアントのECサイトの商品の売り上げがあがるようなデジタルマーケティングの施策立案、実装業務。詳細を見る",マーケター,,週4日･5日,新橋・銀座・東京（有楽町駅）,                【マーケター】顧客ECサイトの売上拡大におけるデジタルマーケティング業務 | ランサーズエージェント（Lancers Agent）            ,https://lancersagent.com//project/marketer/00616322929225528175f72e1,"【会社概要】
Eコマースを活用し、ブランドメーカーが直接消費者に販売する支援します。サービス提供範囲として、EC戦略から、マーケティング、UI・UX、カスタマーサービス・物流までを エンドツーエンドで提供しています。

【業務内容】
クライアントのECサイトの商品の売り上げがあがるようなデジタルマーケティングの施策立案、実装業務。/マーケター/コンテンツマーケ/新橋・銀座・東京",【週4日･5日/】,【マーケター】顧客ECサイトの売上拡大におけるデジタルマーケティング業務,"400,000〜600,000円/ 月※ 消費税別の実際にお渡しする金額です",マーケター,,週4日･5日,新橋・銀座・東京（有楽町駅）,【会社概要】Eコマースを活用し、ブランドメーカーが直接消費者に販売する支援します。サービス提供範囲として、EC戦略から、マーケティング、UI・UX、カスタマーサービス・物流までを エンドツーエンドで提供しています。【業務内容】クライアントのECサイトの商品の売り上げがあがるようなデジタルマーケティングの施策立案、実装業務。,マーケター,,ECサイトのデジタルマーケティングの経験がある方,特になし,"週4日･5日                            
(ﾘﾓｰﾄ：可)","400,000〜600,000円",新橋・銀座・東京（有楽町駅）,業務委託,,案件ID：000006099356,
6243,6243,6244,https://lancersagent.com/project/marketer/0061631673006041514a810b0,【週4日･5日/マーケター（グロースハック）】                                【マーケター】新規のiOSアプリのマーケター、グロースハック                            週4日･5日 | 3〜4.5万円 / 日マーケター（グロースハック）週4日･5日渋谷・新宿（神田駅）当社は「誰もが最高の選択肢と出会える」情報を届ける、Webメディアを運営しています。ただの情報ではなく、・読めば結論が出る・新たな気づきに出会える・買い物がより楽しくなる…そんな価値が届けられメディアを目指し、読者の生活の質を向上させる記事を発信しています。現在開発中のiOSアプリのリリースを間近に控えており、ユーザーが自社アプリにハマる仕掛けを作っていただくアプリマーケター経験者を募集しています詳細を見る,マーケター（グロースハック）,,週4日･5日,渋谷・新宿（神田駅）,                【マーケター】新規のiOSアプリのマーケター、グロースハック | ランサーズエージェント（Lancers Agent）            ,https://lancersagent.com//project/marketer/0061631673006041514a810b0,"当社は「誰もが最高の選択肢と出会える」情報を届ける、Webメディアを運営しています。

ただの情報ではなく、
・読めば結論が出る
・新たな気づきに出会える
・買い物がより楽しくなる
…そんな価値が届けられメディアを目指し、読者の生活の質を向上させる記事を発信しています。

現在開発中のiOSアプリのリリースを間近に控えており、
ユーザーが自社アプリにハマる仕掛けを作っていただく
アプリマーケター経験者を募集しています/マーケター/その他/渋谷・新宿",【週4日･5日/】,                        ※ 消費税別の実際にお渡しする金額です                    ,3〜4.5万円/ 日※ 消費税別の実際にお渡しする金額です,マーケター（グロースハック）,,週4日･5日,渋谷・新宿（神田駅）,当社は「誰もが最高の選択肢と出会える」情報を届ける、Webメディアを運営しています。ただの情報ではなく、・読めば結論が出る・新たな気づきに出会える・買い物がより楽しくなる…そんな価値が届けられメディアを目指し、読者の生活の質を向上させる記事を発信しています。現在開発中のiOSアプリのリリースを間近に控えており、ユーザーが自社アプリにハマる仕掛けを作っていただくアプリマーケター経験者を募集しています,マーケター（グロースハック）,,・アプリマーケティングのご経験,・アプリのプロモーション企画のご経験・アプリ運用改善のご経験・グロースハッカーとして案件参画されたご経験,"週4日･5日                            
(ﾘﾓｰﾄ：可)",3〜4.5万円,渋谷・新宿（神田駅）,業務委託,※参考報酬額は週5日でご稼働いただいた場合の金額です。,案件ID：000006099335,
6294,6294,6295,https://lancersagent.com/project/marketer/00616303015960463175f9c97,定番【週3日･4日･5日/グローバルマーケター】                                【マーケター】WEBブラウザゲームバカラにおけるマーケティング/プロモーション業務                            週3日･4日･5日 | 3〜5万円 / 日グローバルマーケター週3日･4日･5日渋谷・新宿（上野毛駅）WEBブラウザゲームバカラにおけるグローバルマーケティング/プロモーション業務をお任せする方を募集致します。現状サービスが大きく拡大フェーズに突入しているため、是非ご協力いただけますと幸いです。詳細を見る,グローバルマーケター,,週3日･4日･5日,渋谷・新宿（上野毛駅）,                【マーケター】WEBブラウザゲームバカラにおけるマーケティング/プロモーション業務 | ランサーズエージェント（Lancers Agent）            ,https://lancersagent.com//project/marketer/00616303015960463175f9c97,"WEBブラウザゲームバカラにおけるグローバルマーケティング/プロモーション業務をお任せする方を募集致します。
現状サービスが大きく拡大フェーズに突入しているため、是非ご協力いただけますと幸いです。
/マーケター/その他/渋谷・新宿",【週3日･4日･5日/】,【マーケター】WEBブラウザゲームバカラにおけるマーケティング/プロモーション業務,3〜5万円/ 日※ 消費税別の実際にお渡しする金額です,グローバルマーケター,,週3日･4日･5日,渋谷・新宿（上野毛駅）,WEBブラウザゲームバカラにおけるグローバルマーケティング/プロモーション業務をお任せする方を募集致します。現状サービスが大きく拡大フェーズに突入しているため、是非ご協力いただけますと幸いです。,グローバルマーケター,,・マーケティング/プロモーションの実務経験・英語でのコミュニケーションができる方,・ブロックチェーン、仮想通過のご経験や知見,"週3日･4日･5日                            
(ﾘﾓｰﾄ：可)",3〜5万円,渋谷・新宿（上野毛駅）,業務委託,※参考報酬は週5日稼働いただいた場合の金額です。,案件ID：000006099292,
6395,6395,6396,https://lancersagent.com/project/marketer/00616239006986547179bbe4b,"急募【週3日/マーケター】                                【マーケター】toB向け英会話商材のマーケティング担当（新規事業）                            週3日 | 300,000〜500,000円 / 月マーケター週3日渋谷・新宿（渋谷）サービス概要：ビジネス向け英語のスピーキング能力を計るサービス【業務詳細】以下、toB向けのマーケターとして行って頂きます。・マーケティング分析・マーケティング施策の立案・マーケティング部門や営業部門との会議出席と進捗報告・CRMツールのベンダーなどの協力会社の窓口担当詳細を見る",マーケター,,週3日,渋谷・新宿（渋谷）,                【マーケター】toB向け英会話商材のマーケティング担当（新規事業） | ランサーズエージェント（Lancers Agent）            ,https://lancersagent.com//project/marketer/00616239006986547179bbe4b,"サービス概要：ビジネス向け英語のスピーキング能力を計るサービス

【業務詳細】
以下、toB向けのマーケターとして行って頂きます。
・マーケティング分析
・マーケティング施策の立案
・マーケティング部門や営業部門との会議出席と進捗報告
・CRMツールのベンダーなどの協力会社の窓口担当

/マーケター/その他/渋谷・新宿",【週3日/】,【マーケター】toB向け英会話商材のマーケティング担当（新規事業）,"300,000〜500,000円/ 月※ 消費税別の実際にお渡しする金額です",マーケター,,週3日,渋谷・新宿（渋谷）,サービス概要：ビジネス向け英語のスピーキング能力を計るサービス【業務詳細】以下、toB向けのマーケターとして行って頂きます。・マーケティング分析・マーケティング施策の立案・マーケティング部門や営業部門との会議出席と進捗報告・CRMツールのベンダーなどの協力会社の窓口担当,マーケター,,・IT・教育業界などで法人向けのマーケティング経験のある方・CRMツール（hubspot）などを活用した経験のある方・社内関連部署や社外の関係者とプロジェクト進行の経験,・自身がプロジェクトオーナーや責任者として企画・運用・改善など一連の経験がある方,"週3日                            
(ﾘﾓｰﾄ：相談可)","300,000〜500,000円",渋谷・新宿（渋谷）,業務委託,※報酬額は【週5日（月20日）換算】した際の金額です,案件ID：000006099137,
6441,6441,6442,https://lancersagent.com/project/marketer/00616250170767537179bb60e,"急募【週3日/WEBデザイナー】                                【WEB】スケートボードショップのECサイト運用業務                            週3日 | 300,000〜500,000円 / 月WEBデザイナーHTML・Photoshop・Illustrator週3日九州：福岡・沖縄（古島駅）スケートボードショップのECサイト運用を行って頂く業務です。楽天、yahoo!、auPayモール等を運営しており、それらのクリエイティブやマーケティングを出来る方を募集しております。▼詳細業務内容・ECサイトをマーケティング観点で分析し、売上拡大戦略の立案・検証・ECサイト内での新商品の出品、セール案内の告知・サイトバナーなどのクリエイティブ作成※コーディングが出来る方を歓迎いたします。詳細を見る",WEBデザイナー,HTML・Photoshop・Illustrator,週3日,九州：福岡・沖縄（古島駅）,                【WEB】スケートボードショップのECサイト運用業務 | ランサーズエージェント（Lancers Agent）            ,https://lancersagent.com//project/marketer/00616250170767537179bb60e,"スケートボードショップのECサイト運用を行って頂く業務です。楽天、yahoo!、auPayモール等を運営しており、それらのクリエイティブやマーケティングを出来る方を募集しております。

▼詳細業務内容
・ECサイトをマーケティング観点で分析し、売上拡大戦略の立案・検証
・ECサイト内での新商品の出品、セール案内の告知
・サイトバナーなどのクリエイティブ作成
※コーディングが出来る方を歓迎いたします。/マーケター/コンテンツマーケ/九州：福岡・沖縄",【週3日/HTML】,【WEB】スケートボードショップのECサイト運用業務,"300,000〜500,000円/ 月※ 消費税別の実際にお渡しする金額です",WEBデザイナー,HTML,週3日,九州：福岡・沖縄（古島駅）,スケートボードショップのECサイト運用を行って頂く業務です。楽天、yahoo!、auPayモール等を運営しており、それらのクリエイティブやマーケティングを出来る方を募集しております。▼詳細業務内容・ECサイトをマーケティング観点で分析し、売上拡大戦略の立案・検証・ECサイト内での新商品の出品、セール案内の告知・サイトバナーなどのクリエイティブ作成※コーディングが出来る方を歓迎いたします。,WEBデザイナー,HTML・Photoshop・Illustrator,・ECサイトの運用（商品のUP、セールの案内など）に関する一連の業務経験・ECサイトをマーケティング観点で分析、売上UPに向けた改善の立案経験・Photoshopやillustratorでのクリエイティブ制作経験,・HTMLでのコーディングが可能な方,"週3日                            
(ﾘﾓｰﾄ：可)","300,000〜500,000円",九州：福岡・沖縄（古島駅）,業務委託,報酬については週5日稼働の場合で算出をしています。,案件ID：000006099162,
6448,6448,6449,https://lancersagent.com/project/marketer/006162452912864938892edc,注目【週4日･5日/Webマーケター】                                【WEB】自社クラウド型オープンイノベーション支援サービスにおけるマーケティング業務                            週4日･5日 | 2.4万円以上 / 日Webマーケター週4日･5日五反田・恵比寿・六本木（中目黒駅）＜業務内容＞オープンイノベーション支援サービスのWebマーケティング業務全般に関わっていただきます。サービスの成長につながる有効な施策の企画及び実施までの幅広い業務をお任せしたいと思っています。<詳細>・UI/UX観点からWEBサイトの集客効率を高めるためのページ改善案の策定及びモニタリング・リード獲得広告のディレクション運用（リスティング、ディスプレイ広告など）・リード獲得のためのメールマガジン施策企画運用詳細を見る,Webマーケター,,週4日･5日,五反田・恵比寿・六本木（中目黒駅）,                【WEB】自社クラウド型オープンイノベーション支援サービスにおけるマーケティング業務 | ランサーズエージェント（Lancers Agent）            ,https://lancersagent.com//project/marketer/006162452912864938892edc,"＜業務内容＞
オープンイノベーション支援サービスのWebマーケティング業務全般に関わっていただきます。
サービスの成長につながる有効な施策の企画及び実施までの幅広い業務をお任せしたいと思っています。

&lt;詳細&gt;
・UI/UX観点からWEBサイトの集客効率を高めるためのページ改善案の策定及びモニタリング
・リード獲得広告のディレクション運用（リスティング、ディスプレイ広告など）
・リード獲得のためのメールマガジン施策企画運用/マーケター/その他/五反田・恵比寿・六本木",【週4日･5日/】,【WEB】自社クラウド型オープンイノベーション支援サービスにおけるマーケティング業務,2.4万円以上/ 日※ 消費税別の実際にお渡しする金額です,Webマーケター,,週4日･5日,五反田・恵比寿・六本木（中目黒駅）,＜業務内容＞オープンイノベーション支援サービスのWebマーケティング業務全般に関わっていただきます。サービスの成長につながる有効な施策の企画及び実施までの幅広い業務をお任せしたいと思っています。<詳細>・UI/UX観点からWEBサイトの集客効率を高めるためのページ改善案の策定及びモニタリング・リード獲得広告のディレクション運用（リスティング、ディスプレイ広告など）・リード獲得のためのメールマガジン施策企画運用,Webマーケター,,toB向けサービスのインハウスマーケティング担当、あるいはweb広告代理店勤務経験者で下記いずれかを満たす方・リスティング広告/アドネットワーク等の運用経験・WEBサイトの企画・運用経験・WEBサイト・WEB集客などの運用・解析経験・Google Analytics、Google Tag Managerの設計、利用経験,・Google data studioの設計、利用経験・SEO（内部/外部）施策の実務およびディレクション経験・外部ベンダーとの折衝経験・動画広告の運用経験,"週4日･5日                            
(ﾘﾓｰﾄ：可)",2.4万円以上,五反田・恵比寿・六本木（中目黒駅）,業務委託,※報酬額は【週5日（月20日）換算】した際の金額です,案件ID：000006099157,
6452,6452,6453,https://lancersagent.com/project/marketer/00616241157064847e801fde,"注目【週3日･4日･5日/MAマーケター(Salesforce)】                                【マーケター】育児メディアアプリのMA推進マーケター業務                            週3日･4日･5日 | 400,000〜800,000円 / 月MAマーケター(Salesforce)MarketingCloud・pardot週3日･4日･5日五反田・恵比寿・六本木（五反田駅）自社で運営する、妊娠子育てメディアアプリのマーケティング全般を担っていただける方を募集いたします。(具体的な仕事内容)・アプリ&メディアのユーザーデータ分析、マーケティング施策の考案および開発ディレクション・MAツール（Salesforce社MCクラウド利用）を使用したメルマガ数値分析、シナリオ・ジャーニーマップの作成詳細を見る",MAマーケター(Salesforce),MarketingCloud・pardot,週3日･4日･5日,五反田・恵比寿・六本木（五反田駅）,                【マーケター】育児メディアアプリのMA推進マーケター業務 | ランサーズエージェント（Lancers Agent）            ,https://lancersagent.com//project/marketer/00616241157064847e801fde,"自社で運営する、妊娠子育てメディアアプリのマーケティング全般を担っていただける方を募集いたします。

(具体的な仕事内容)
・アプリ&amp;メディアのユーザーデータ分析、マーケティング施策の考案および開発ディレクション
・MAツール（Salesforce社MCクラウド利用）を使用したメルマガ数値分析、シナリオ・ジャーニーマップの作成/マーケター/その他/五反田・恵比寿・六本木",【週3日･4日･5日/】,【マーケター】育児メディアアプリのMA推進マーケター業務,"400,000〜800,000円/ 月※ 消費税別の実際にお渡しする金額です",MAマーケター(Salesforce),,週3日･4日･5日,五反田・恵比寿・六本木（五反田駅）,自社で運営する、妊娠子育てメディアアプリのマーケティング全般を担っていただける方を募集いたします。(具体的な仕事内容)・アプリ&メディアのユーザーデータ分析、マーケティング施策の考案および開発ディレクション・MAツール（Salesforce社MCクラウド利用）を使用したメルマガ数値分析、シナリオ・ジャーニーマップの作成,MAマーケター(Salesforce),MarketingCloud・pardot,・SalesForce社の Marketing Cloud もしくは pardot の使用経験,-,"週3日･4日･5日                            
(ﾘﾓｰﾄ：可)","400,000〜800,000円",五反田・恵比寿・六本木（五反田駅）,業務委託,※報酬額は【週5日（月20日）換算】した際の金額です,案件ID：000006099148,
6467,6467,6468,https://lancersagent.com/project/marketer/0061623642903951415e571fa,"注目【週3日･4日･5日/Webマーケター】                                【マーケター】アドアフィリエイト運用におけるマーケター                            週3日･4日･5日 | 300,000〜800,000円 / 月Webマーケター週3日･4日･5日渋谷・新宿（渋谷駅）【募集背景】アドアフィリエイト事業(LPメディア事業) の立ち上げを検討しています。最初はマッチングアプリのアドアフィリエイト事業(LPメディア事業) から始めようと考えています。【業務内容】■アドアフィリエイト運用(LPメディア運用)マッチングアプリ領域でのアドアフィリエイト運用(LPメディア運用)になります。■記事LPの作成マッチングアプリ領域の比較記事作成になります詳細を見る",Webマーケター,,週3日･4日･5日,渋谷・新宿（渋谷駅）,                【マーケター】アドアフィリエイト運用におけるマーケター | ランサーズエージェント（Lancers Agent）            ,https://lancersagent.com//project/marketer/0061623642903951415e571fa,"【募集背景】
アドアフィリエイト事業(LPメディア事業) の立ち上げを検討しています。
最初はマッチングアプリのアドアフィリエイト事業(LPメディア事業) から始めようと考えています。

【業務内容】
■アドアフィリエイト運用(LPメディア運用)
マッチングアプリ領域でのアドアフィリエイト運用(LPメディア運用)になります。

■記事LPの作成
マッチングアプリ領域の比較記事作成になります/マーケター/SEO/渋谷・新宿",【週3日･4日･5日/】,【マーケター】アドアフィリエイト運用におけるマーケター,"300,000〜800,000円/ 月※ 消費税別の実際にお渡しする金額です",Webマーケター,,週3日･4日･5日,渋谷・新宿（渋谷駅）,【募集背景】アドアフィリエイト事業(LPメディア事業) の立ち上げを検討しています。最初はマッチングアプリのアドアフィリエイト事業(LPメディア事業) から始めようと考えています。【業務内容】■アドアフィリエイト運用(LPメディア運用)マッチングアプリ領域でのアドアフィリエイト運用(LPメディア運用)になります。■記事LPの作成マッチングアプリ領域の比較記事作成になります,Webマーケター,,・何らかの領域のアドアフィリエイト(LPメディア)事業において、広告運用や記事作成を行い、成果を出したことがある,・マッチングアプリ領域のアドアフィリエイト(LPメディア)広告運用や記事作成を行ったことがある・ASPとの折衝経験やコネクションがある,"週3日･4日･5日                            
(ﾘﾓｰﾄ：可)","300,000〜800,000円",渋谷・新宿（渋谷駅）,業務委託,※報酬額は【週5日（月20日）換算】した際の金額です,案件ID：000006099130,
6539,6539,6540,https://lancersagent.com/project/marketer/006161943393715978892e48,"定番【週1日･2日･3日･4日/マーケター】                                自社AI語学学習サービスのマーケティング業務                            週1日･2日･3日･4日 | 500,000〜700,000円 / 月マーケター週1日･2日･3日･4日渋谷・新宿（青山一丁目）自社で開発しているAIを活用した語学学習サービスのマーケティングを担当していただける方を募集しています。マーケティングチームに参画いただきます。幅広く携わりたい方はぜひご応募ください。【勤務時間】9:00～18:00※相談可詳細を見る",マーケター,,週1日･2日･3日･4日,渋谷・新宿（青山一丁目）,                自社AI語学学習サービスのマーケティング業務 | ランサーズエージェント（Lancers Agent）            ,https://lancersagent.com//project/marketer/006161943393715978892e48,"自社で開発しているAIを活用した語学学習サービスのマーケティングを担当していただける方を募集しています。

マーケティングチームに参画いただきます。
幅広く携わりたい方はぜひご応募ください。

【勤務時間】
9:00～18:00※相談可/マーケター/その他/渋谷・新宿",【週1日･2日･3日･4日/】,自社AI語学学習サービスのマーケティング業務,"500,000〜700,000円/ 月※ 消費税別の実際にお渡しする金額です",マーケター,,週1日･2日･3日･4日,渋谷・新宿（青山一丁目）,自社で開発しているAIを活用した語学学習サービスのマーケティングを担当していただける方を募集しています。マーケティングチームに参画いただきます。幅広く携わりたい方はぜひご応募ください。【勤務時間】9:00～18:00※相談可,マーケター,,・自社マーケティング経験・CDP作成経験（データ周りを整備したご経験）,・サービス立ち上げに関わった経験,"週1日･2日･3日･4日                            
(ﾘﾓｰﾄ：可)","500,000〜700,000円",渋谷・新宿（青山一丁目）,業務委託,※報酬額は【週5日（月20日）換算】した際の金額です,案件ID：000006099044,
6613,6613,6614,https://lancersagent.com/project/marketer/006161494513749928d57a49,"【週3日･4日/グロースハッカー】                                【グロースハッカー】グローバルヘルスケア企業におけるBtoBグロースハック                            週3日･4日 | 500,000円以上 / 月グロースハッカーHTML・CSS・JavaScript週3日･4日新橋・銀座・東京（新橋駅）当社Webサイト配下における、CV向上（資料請求、ホワイトペーパー、セミナーなど）をご依頼したいです。最適なタイミングで最適なCVを実施したいです。オウンド・広告、そしてこちらのチームでコンテンツ制作も実施いたします。・Webデザイナー２名＋外部制作体制・制作ディレクター１名詳細を見る",グロースハッカー,HTML・CSS・JavaScript,週3日･4日,新橋・銀座・東京（新橋駅）,                【グロースハッカー】グローバルヘルスケア企業におけるBtoBグロースハック | ランサーズエージェント（Lancers Agent）            ,https://lancersagent.com//project/marketer/006161494513749928d57a49,"当社Webサイト配下における、CV向上（資料請求、ホワイトペーパー、セミナーなど）をご依頼したいです。
最適なタイミングで最適なCVを実施したいです。
オウンド・広告、そしてこちらのチームでコンテンツ制作も実施いたします。

・Webデザイナー２名＋外部制作体制
・制作ディレクター１名/マーケター/その他/新橋・銀座・東京",【週3日･4日/HTML・CSS・JavaScript】,                        ※ 消費税別の実際にお渡しする金額です                    ,"500,000円以上/ 月※ 消費税別の実際にお渡しする金額です",グロースハッカー,HTML・CSS・JavaScript,週3日･4日,新橋・銀座・東京（新橋駅）,当社Webサイト配下における、CV向上（資料請求、ホワイトペーパー、セミナーなど）をご依頼したいです。最適なタイミングで最適なCVを実施したいです。オウンド・広告、そしてこちらのチームでコンテンツ制作も実施いたします。・Webデザイナー２名＋外部制作体制・制作ディレクター１名,グロースハッカー,HTML・CSS・JavaScript,・大手企業での業務経験（膨大なセッション数での業務）・A/Bテストの豊富な経験・分析業務経験,・Javascript等のコーディング経験・GTM設定,"週3日･4日                            
(ﾘﾓｰﾄ：可)","500,000円以上",新橋・銀座・東京（新橋駅）,業務委託,,案件ID：000006098967,
6686,6686,6687,https://lancersagent.com/project/marketer/0061612335799396914a80700,"【週3日･4日･5日/マーケター】                                【マーケター】自社ブランドであるドクターズコスメのECサイト運用業務                            週3日･4日･5日 | 400,000〜600,000円 / 月マーケター週3日･4日･5日渋谷・新宿（表参道）【案件概要】弊社WEBサイトにて運用をしているECサイトのマーケティング業務をお任せします。ECサイトの集客や購入に関する戦略の立案など全般をご担当いただきます。詳細を見る",マーケター,,週3日･4日･5日,渋谷・新宿（表参道）,                【マーケター】自社ブランドであるドクターズコスメのECサイト運用業務 | ランサーズエージェント（Lancers Agent）            ,https://lancersagent.com//project/marketer/0061612335799396914a80700,"【案件概要】
弊社WEBサイトにて運用をしているECサイトのマーケティング業務をお任せします。
ECサイトの集客や購入に関する戦略の立案など全般をご担当いただきます。/マーケター/ブランディング/渋谷・新宿",【週3日･4日･5日/】,                        ※ 消費税別の実際にお渡しする金額です                    ,"400,000〜600,000円/ 月※ 消費税別の実際にお渡しする金額です",マーケター,,週3日･4日･5日,渋谷・新宿（表参道）,【案件概要】弊社WEBサイトにて運用をしているECサイトのマーケティング業務をお任せします。ECサイトの集客や購入に関する戦略の立案など全般をご担当いただきます。,マーケター,,・ECサイト周りのマーケティングのご経験・マーケターとして戦略立案から施策実行まで行ったご経験,・化粧品に興味をお持ちの方・化粧品や女性向け商品のマーケターとしてのご経験,"週3日･4日･5日                            
(ﾘﾓｰﾄ：相談可)","400,000〜600,000円",渋谷・新宿（表参道）,業務委託,※参考報酬は週5日でご稼働いただいた場合の金額です。,案件ID：000006098896,
6691,6691,6692,https://lancersagent.com/project/marketer/0061612232579933512164b86,"定番【週3日･4日･5日/広告運用マーケター】                                【マーケター】広告代理店にて広告運用設計や社内教育に携わるマーケター                            週3日･4日･5日 | 400,000〜600,000円 / 月広告運用マーケター週3日･4日･5日新橋・銀座・東京（日本橋駅）この度は、社内のノウハウ蓄積を目的として、運用設計からナレッジ共有、メンバーとの壁打ちをご担当いただけるマーケターを募集いたします。具体的な案件については面談時にすり合わせさせていただきますが、広告予算としてはMAX6000万円/月のものもあります。※業界は化粧品や健康食品などの有形商材が多いです詳細を見る",広告運用マーケター,,週3日･4日･5日,新橋・銀座・東京（日本橋駅）,                【マーケター】広告代理店にて広告運用設計や社内教育に携わるマーケター | ランサーズエージェント（Lancers Agent）            ,https://lancersagent.com//project/marketer/0061612232579933512164b86,"この度は、社内のノウハウ蓄積を目的として、
運用設計からナレッジ共有、メンバーとの壁打ちをご担当いただける
マーケターを募集いたします。

具体的な案件については面談時にすり合わせさせていただきますが、
広告予算としてはMAX6000万円/月のものもあります。
※業界は化粧品や健康食品などの有形商材が多いです/マーケター/その他/新橋・銀座・東京",【週3日･4日･5日/】,【マーケター】広告代理店にて広告運用設計や社内教育に携わるマーケター,"400,000〜600,000円/ 月※ 消費税別の実際にお渡しする金額です",広告運用マーケター,,週3日･4日･5日,新橋・銀座・東京（日本橋駅）,この度は、社内のノウハウ蓄積を目的として、運用設計からナレッジ共有、メンバーとの壁打ちをご担当いただけるマーケターを募集いたします。具体的な案件については面談時にすり合わせさせていただきますが、広告予算としてはMAX6000万円/月のものもあります。※業界は化粧品や健康食品などの有形商材が多いです,広告運用マーケター,,・WEB広告運用経験のある方（多くの媒体に出向されていると尚可）・メンバーへのナレッジ共有をしていただける方,,週3日･4日･5日,"400,000〜600,000円",新橋・銀座・東京（日本橋駅）,業務委託,,案件ID：000006098890,
6746,6746,6747,https://lancersagent.com/project/marketer/0061608518667759884dc832,"注目【週3日･4日･5日/マーケター】                                【マーケター】プロサッカーに関するデジタルマーケティング業務                            週3日･4日･5日 | 500,000〜600,000円 / 月マーケターTableauMarketoTreasuredataSalesForceGoogleAnalyticsGoogleApps全般Backlog週3日･4日･5日水道橋・飯田橋（--）デジタル領域での事業推進する業務全般を幅広く支援いただきます。特に...・リーグ主導で行う広告・販促キャンペーン系の戦術設計、運用/管理の実務、代理店・外部支援会社・制作会社との連携、各種レポーティング・リーグID会員増のための幅広いマーケティング施策の戦略・戦術設計と推進支援と実行業務詳細を見る",マーケター,TableauMarketoTreasuredataSalesForceGoogleAnalyticsGoogleApps全般Backlog,週3日･4日･5日,水道橋・飯田橋（--）,                【マーケター】プロサッカーに関するデジタルマーケティング業務 | ランサーズエージェント（Lancers Agent）            ,https://lancersagent.com//project/marketer/0061608518667759884dc832,"デジタル領域での事業推進する業務全般を幅広く支援いただきます。

特に...
・リーグ主導で行う広告・販促キャンペーン系の戦術設計、運用/管理の実務、代理店・外部支援会社・制作会社との連携、各種レポーティング

・リーグID会員増のための幅広いマーケティング施策の戦略・戦術設計と推進支援と実行業務/マーケター/その他/水道橋・飯田橋",【週3日･4日･5日/】,【マーケター】プロサッカーに関するデジタルマーケティング業務,"500,000〜600,000円/ 月※ 消費税別の実際にお渡しする金額です",マーケター,,週3日･4日･5日,水道橋・飯田橋（--）,デジタル領域での事業推進する業務全般を幅広く支援いただきます。特に...・リーグ主導で行う広告・販促キャンペーン系の戦術設計、運用/管理の実務、代理店・外部支援会社・制作会社との連携、各種レポーティング・リーグID会員増のための幅広いマーケティング施策の戦略・戦術設計と推進支援と実行業務,マーケター,"Tableau
Marketo
Treasuredata
SalesForce
GoogleAnalytics
GoogleApps全般
Backlog",・BtoCオンラインサービス（Webメディア/自社サービス/自社プロダクト/製品）での、マーケティング関連業務経験5年以上（広告運用/キャンペーン企画・実施/グロースハック等）※自社サービスを持たない会社での経験でもよい。例えば広告代理店、Webコンサル系・KPI管理しての事業推進マネジメント経験（BIツール、スプレッドシート、エクセルなどにまとめて）・マーケター、デザイナー、エンジニア、ビジネスパートナー、クラブ担当者等の多様なステークホルダーとのコミュニケーションが円滑にできる。・サッカーに関心がある方,"・顧客管理やCRM活用の経験・ECサイトを中心としたWebサイトの事業責任者経験や主体者としてのグロースハック経験・TableauBIツールのシート作成・データソース管理等の経験・プロジェクトマネージャー経験・Webディレクター経験・一部ディレクション業務も発生するためマネジメント経験""","週3日･4日･5日                            
(ﾘﾓｰﾄ：一部可)","500,000〜600,000円",水道橋・飯田橋（--）,業務委託,,案件ID：000006098831,
6759,6759,6760,https://lancersagent.com/project/marketer/006160793189547578d5570c,"【週3日･4日/広告運用】                                【マーケター】WEBマーケティング支援会社での広告運用業務                            週3日･4日 | 450,000〜600,000円 / 月広告運用週3日･4日神奈川（溝の口駅）ビジネス／事業拡大を目的としたデジタルマーケティング支援を行う弊社にて広告運用業務をご担当いただきます＜業務内容＞・広告運用業務・レポーティング・クリエイティブのPDCA管理・業務委託メンバーのマネジメント・クライアントとの事務連絡詳細を見る",広告運用,,週3日･4日,神奈川（溝の口駅）,                【マーケター】WEBマーケティング支援会社での広告運用業務 | ランサーズエージェント（Lancers Agent）            ,https://lancersagent.com//project/marketer/006160793189547578d5570c,"ビジネス／事業拡大を目的としたデジタルマーケティング支援を行う弊社にて広告運用業務をご担当いただきます

＜業務内容＞
・広告運用業務
・レポーティング
・クリエイティブのPDCA管理
・業務委託メンバーのマネジメント
・クライアントとの事務連絡/マーケター/SEM/神奈川",【週3日･4日/】,                        ※ 消費税別の実際にお渡しする金額です                    ,"450,000〜600,000円/ 月※ 消費税別の実際にお渡しする金額です",広告運用,,週3日･4日,神奈川（溝の口駅）,ビジネス／事業拡大を目的としたデジタルマーケティング支援を行う弊社にて広告運用業務をご担当いただきます＜業務内容＞・広告運用業務・レポーティング・クリエイティブのPDCA管理・業務委託メンバーのマネジメント・クライアントとの事務連絡,広告運用,,・広告代理店での広告運用経験のある方,・自社マーケティング施策に興味がある方・道徳心がある方、誠実な方,"週3日･4日                            
(ﾘﾓｰﾄ：一部可)","450,000〜600,000円",神奈川（溝の口駅）,業務委託,,案件ID：000006098825,
6837,6837,6838,https://lancersagent.com/project/marketer/006160258802514088892f44,"定番【週3日/データプランナー】                                【SQL】自社人材システムのデータ分析・プランニング業務                            週3日 | 600,000〜800,000円 / 月データプランナーPython・SQL・R・データ分析・統計解析・機械学習週3日渋谷・新宿（渋谷駅）自社HRマッチングサービスのデータ分析とプランニング・事業課題に対してデータの集計・可視化・課題提起・示唆抽出、経営層へのレポート／提言など・・【その他】リモート可10:00-19:00詳細を見る",データプランナー,Python・SQL・R・データ分析・統計解析・機械学習,週3日,渋谷・新宿（渋谷駅）,                【SQL】自社人材システムのデータ分析・プランニング業務 | ランサーズエージェント（Lancers Agent）            ,https://lancersagent.com//project/marketer/006160258802514088892f44,"自社HRマッチングサービスのデータ分析とプランニング

・事業課題に対してデータの集計・可視化
・課題提起・示唆抽出、経営層へのレポート／提言など・・

【その他】
リモート可
10:00-19:00/マーケター/その他/渋谷・新宿",【週3日/Python・SQL・R】,【SQL】自社人材システムのデータ分析・プランニング業務,"600,000〜800,000円/ 月※ 消費税別の実際にお渡しする金額です",データプランナー,Python・SQL・R,週3日,渋谷・新宿（渋谷駅）,自社HRマッチングサービスのデータ分析とプランニング・事業課題に対してデータの集計・可視化・課題提起・示唆抽出、経営層へのレポート／提言など・・【その他】リモート可10:00-19:00,データプランナー,Python・SQL・R・データ分析・統計解析・機械学習,・ビジネスにおいて、データ分析によって課題を解決した経験・統計解析や機械学習に関する基礎的な知識・ビジネス上の課題を解決するための問題解決能力、論理的思考力・SQLを利用したデータ分析の経験,・コンサルティングファームまたは事業会社のデータ分析チームにおける実務経験・統計解析や機械学習に関する専門的な知識および実ビジネスに活かした経験・関係部署と連携してスムーズに業務を進めるためのコミュニケーション能力・R、Pythonなどのツール（いずれかで可）を利用したデータ分析の経験,"週3日                            
(ﾘﾓｰﾄ：相談可)","600,000〜800,000円",渋谷・新宿（渋谷駅）,業務委託,※報酬額は【週5日（月20日）換算】した際の金額です,案件ID：000006098758,
6927,6927,6928,https://lancersagent.com/project/marketer/00615923065460683f2a554a,"注目【週3日･4日･5日/MA運用担当】                                【Marketo】会計ソフト運営企業のマーケティングチームにおけるMAツール運用業務                            週3日･4日･5日 | 200,000〜400,000円 / 月MA運用担当Marketo週3日･4日･5日品川（五反田） - マーケティングオートメーションであるMarketoを駆使して、メディアにおけるリード獲得最大化に向けてオペレーションを担当 - 社内で発生するメール配信などの運用業務を担当詳細を見る",MA運用担当,Marketo,週3日･4日･5日,品川（五反田）,                【Marketo】会計ソフト運営企業のマーケティングチームにおけるMAツール運用業務 | ランサーズエージェント（Lancers Agent）            ,https://lancersagent.com//project/marketer/00615923065460683f2a554a,"- マーケティングオートメーションであるMarketoを駆使して、メディアにおけるリード獲得最大化に向けてオペレーションを担当

 - 社内で発生するメール配信などの運用業務を担当
/マーケター/SEO/品川",【週3日･4日･5日/】,【Marketo】会計ソフト運営企業のマーケティングチームにおけるMAツール運用業務,"200,000〜400,000円/ 月※ 消費税別の実際にお渡しする金額です",MA運用担当,,週3日･4日･5日,品川（五反田）,- マーケティングオートメーションであるMarketoを駆使して、メディアにおけるリード獲得最大化に向けてオペレーションを担当- 社内で発生するメール配信などの運用業務を担当,MA運用担当,Marketo,・MAの運用経験（Marketoが理想）・コミュニケーション能力,・マーケティングにおけるフローの理解・マーケティングにおけるキャンペーン設計の理解・セールスフォースの知識・メールライティング・CDP/DMPの運用経験・KARTEなどの接客ツールの運用経験,週3日･4日･5日,"200,000〜400,000円",品川（五反田）,業務委託,※報酬額は【週5日（月20日）換算】した際の金額です,案件ID：000006098641,
7105,7105,7106,https://lancersagent.com/project/marketer/0060I00000fHLFxQAO,"注目【週2日･3日/WEBマーケター(データ分析)】                                【マーケター】某電子情報機器メーカーの顧客データの集計・解析業務                            週2日･3日 | 600,000円以上 / 月WEBマーケター(データ分析)Adobe・Analytics・データ収集・JavaScript週2日･3日渋谷・新宿（初台駅）コンシューマ製品から企業向け製品をグローバルに展開しております。今回は各国の顧客データをマネジメントし、マーケティングの課題を分析いただけるマーケターの方を募集いたします。詳細を見る",WEBマーケター(データ分析),Adobe・Analytics・データ収集・JavaScript,週2日･3日,渋谷・新宿（初台駅）,                【マーケター】某電子情報機器メーカーの顧客データの集計・解析業務 | ランサーズエージェント（Lancers Agent）            ,https://lancersagent.com//project/marketer/0060I00000fHLFxQAO,"コンシューマ製品から企業向け製品をグローバルに展開しております。

今回は各国の顧客データをマネジメントし、マーケティングの課題を分析いただけるマーケターの方を募集いたします。/マーケター/その他/渋谷・新宿",【週2日･3日/】,【マーケター】某電子情報機器メーカーの顧客データの集計・解析業務,"600,000円以上/ 月※ 消費税別の実際にお渡しする金額です",WEBマーケター(データ分析),,週2日･3日,渋谷・新宿（初台駅）,コンシューマ製品から企業向け製品をグローバルに展開しております。今回は各国の顧客データをマネジメントし、マーケティングの課題を分析いただけるマーケターの方を募集いたします。,WEBマーケター(データ分析),Adobe・Analytics・データ収集・JavaScript,・Adobe Analyticsのご経験・アナリティクスの設計・実装経験・データ収集の設定業務のご認識・ご経験のある方・JavaScriptが書ける方,-,"週2日･3日                            
(ﾘﾓｰﾄ：相談可)","600,000円以上",渋谷・新宿（初台駅）,業務委託,※報酬額は【週5日（月20日）換算】した際の金額です,案件ID：000006098449,
7169,7169,7170,https://lancersagent.com/project/marketer/0061598941878921613e9b012,"注目【週3日･4日/マーケター】                                【マーケター】To B 向けのマーケ戦略の立案                            週3日･4日 | 500,000〜1,000,000円 / 月マーケター週3日･4日新橋・銀座・東京（溜池山王駅）【業務内容】To B 向けのマーケ戦略の立案、一部実行・一緒にマーケティング戦略の検討や実行を併走しながらお手伝いいただける方（実行はこちらで動くことが多くなる想定ですが、一部お願いする部分もあると思います）・恐らく最初はどうリードを獲得するか、どうナーチャリングするか、　そして、可能であれば、どうインサイドセールスするか、を話せると嬉しいです。・ちなみに、弊社はマーケティングにこれまで注力出来ていないので、詳細を見る",マーケター,,週3日･4日,新橋・銀座・東京（溜池山王駅）,                【マーケター】To B 向けのマーケ戦略の立案 | ランサーズエージェント（Lancers Agent）            ,https://lancersagent.com//project/marketer/0061598941878921613e9b012,"【業務内容】
To B 向けのマーケ戦略の立案、一部実行

・一緒にマーケティング戦略の検討や実行を併走しながらお手伝いいただける方
（実行はこちらで動くことが多くなる想定ですが、一部お願いする部分もあると思います）
・恐らく最初はどうリードを獲得するか、どうナーチャリングするか、
　そして、可能であれば、どうインサイドセールスするか、を話せると嬉しいです。
・ちなみに、弊社はマーケティングにこれまで注力出来ていないので、/マーケター/その他/新橋・銀座・東京",【週3日･4日/】,【マーケター】To B 向けのマーケ戦略の立案,"500,000〜1,000,000円/ 月※ 消費税別の実際にお渡しする金額です",マーケター,,週3日･4日,新橋・銀座・東京（溜池山王駅）,【業務内容】To B 向けのマーケ戦略の立案、一部実行・一緒にマーケティング戦略の検討や実行を併走しながらお手伝いいただける方（実行はこちらで動くことが多くなる想定ですが、一部お願いする部分もあると思います）・恐らく最初はどうリードを獲得するか、どうナーチャリングするか、そして、可能であれば、どうインサイドセールスするか、を話せると嬉しいです。・ちなみに、弊社はマーケティングにこれまで注力出来ていないので、,マーケター,,・社会人経験3年以上・オンライン、オフラインのToBマーケティング実務経験3年以上お持ちの方もしくは、3年未満でも大きな成果を残している方・プロモーション設計と準備、実行を独力で行える方,"・対象顧客が1,000以内の業界でのTo B マーケティング経験・インサイドセールス強化の経験・フィールド、カスタマーサクセスの経験・仮説思考が得意な方","週3日･4日                            
(ﾘﾓｰﾄ：相談可)","500,000〜1,000,000円",新橋・銀座・東京（溜池山王駅）,業務委託,※報酬額は【週5日（月20日）換算】した際の金額です,案件ID：000006098722,
7685,7685,7686,https://lancersagent.com/project/marketer/0060I00000TLNCxQAP,"定番【週5日/広告マーケター/ディレクション】                                【マーケター】大手広告代理店内にて広告マーケターおよびディレクション業務                            週5日 | 600,000〜1,000,000円 / 月広告マーケター/ディレクション週5日五反田・恵比寿・六本木（赤坂見附駅）広告マーケター、ディレクション経験者を募集しています。リスティングLP、バナー広告、SNS、アフィリエイトなどを活用して広告効果の最大化を図る為の企画立案とプロジェクト推進をしていただきます。詳細を見る",広告マーケター/ディレクション,,週5日,五反田・恵比寿・六本木（赤坂見附駅）,                【マーケター】大手広告代理店内にて広告マーケターおよびディレクション業務 | ランサーズエージェント（Lancers Agent）            ,https://lancersagent.com//project/marketer/0060I00000TLNCxQAP,"広告マーケター、ディレクション経験者を募集しています。
リスティングLP、バナー広告、SNS、アフィリエイトなどを活用して広告効果の最大化を図る為の企画立案とプロジェクト推進をしていただきます。/マーケター/その他/五反田・恵比寿・六本木",【週5日/】,【マーケター】大手広告代理店内にて広告マーケターおよびディレクション業務,"600,000〜1,000,000円/ 月※ 消費税別の実際にお渡しする金額です",広告マーケター/ディレクション,,週5日,五反田・恵比寿・六本木（赤坂見附駅）,広告マーケター、ディレクション経験者を募集しています。リスティングLP、バナー広告、SNS、アフィリエイトなどを活用して広告効果の最大化を図る為の企画立案とプロジェクト推進をしていただきます。,広告マーケター/ディレクション,,広告マーケター経験ディレクション経験（ディレクター）,広告代理店経験者LPやバナー広告制作、運用の経験,"週5日                            
(ﾘﾓｰﾄ：一部可)","600,000〜1,000,000円",五反田・恵比寿・六本木（赤坂見附駅）,業務委託,※報酬額は【週5日（月20日）換算】した際の金額です,案件ID：000006097768,
